week,equity,positions
2026-01-05,100000.0,0
2026-01-12,100000.0,0
2026-01-19,100000.0,0
2026-01-26,100000.0,0
2026-02-02,100357.50173911621,1
2026-02-09,100576.70325318363,2
2026-02-16,101036.5403083614,2
2026-02-23,97800.89228335954,2
2026-03-02,97432.59890834925,1
2026-03-09,97461.4665201302,1
2026-03-16,97774.1957998437,1
2026-03-23,97743.40328907264,1
2026-03-30,98051.32252371243,1
2026-04-06,98252.4311542824,1
2026-04-13,98413.12571566613,1
2026-04-20,98664.27144210524,1
2026-04-27,98123.00744621281,2
2026-05-04,98593.07066957188,3
2026-05-11,98291.09566809541,3
2026-05-18,99505.07925112083,3
2026-05-25,101901.01086760963,3
2026-06-01,99424.42592008636,3
2026-06-08,100197.19718625455,3
2026-06-15,102811.44874305965,3
2026-06-22,99498.30300660724,3
2026-06-29,93746.57780226789,3
2026-07-06,94265.43419206225,1
2026-07-13,94153.81354291872,1
2026-07-20,94097.04150298575,1
2026-07-27,94156.70015727004,1
2026-08-03,94321.24451663403,1
2026-08-10,94244.26470797407,1
2026-08-17,94204.81235414905,1
2026-08-24,94256.77288074057,1
2026-08-31,94614.46322204883,2
2026-09-07,94026.13747578836,2
2026-09-14,92838.97488000637,2
2026-09-21,92903.8286268952,2
2026-09-28,93205.83303567648,2
