vol_mult,parabolic_pct,base_weeks,total_return,cagr,max_drawdown,sharpe,trades,win_rate,profit_factor,avg_trade,exposure
1.5,0.6,26,1.5709632635732649,0.11077269534842404,-0.4805827498769375,0.5465707363340518,160,0.32903225806451614,1.6413000110364673,0.0478968798013724,0.9063829787234042
1.5,0.6,52,1.9390097312570584,0.1274302454186127,-0.37455564817945985,0.6309382877440236,135,0.3076923076923077,1.9164976120963384,0.05887785351242586,0.874468085106383
1.5,0.8,26,1.6164258411660821,0.11294097062883757,-0.572150761105028,0.5244271538513161,149,0.2986111111111111,1.7720760290384523,0.06252225781578614,0.9531914893617022
1.5,0.8,52,2.3738541585223705,0.1448712923373876,-0.4371864269524689,0.6660753701607337,129,0.29838709677419356,2.101592536304585,0.07276907800565412,0.9276595744680851
1.5,1.2,26,3.313512715671714,0.17659798471863764,-0.5970711706536393,0.6822054772687283,134,0.29457364341085274,2.181503535672958,0.10117824434809886,0.951063829787234
1.5,1.2,52,3.7534062219357747,0.18937868036344985,-0.4371864269524689,0.7651643343582569,116,0.3153153153153153,2.4617990065658715,0.10014834657542565,0.925531914893617
2.0,0.6,26,2.7529576324677696,0.15851567121938315,-0.33517263529901065,0.7438127791950315,151,0.4013605442176871,2.1360684760163946,0.06118275053170039,0.8936170212765957
2.0,0.6,52,2.1742206522783065,0.13712867632134307,-0.4056076767759397,0.6984973401653422,127,0.3442622950819672,2.1512828845161303,0.06887817636874037,0.8553191489361702
2.0,0.8,26,2.3119091404772236,0.14251338784047962,-0.3482766665725845,0.6622982972601811,142,0.3669064748201439,1.9239079485107538,0.056913581000929796,0.9
2.0,0.8,52,2.6249112262689582,0.15404993632645758,-0.35787946786268,0.7320469976778254,118,0.3333333333333333,2.2876573322339713,0.07899529223172252,0.8638297872340426
2.0,1.2,26,3.0319571684364517,0.16779508247691832,-0.3482766665725846,0.7431200356769596,140,0.3235294117647059,1.9722158917548542,0.06854936386353037,0.9
2.0,1.2,52,2.272825724616144,0.14100545083672844,-0.3865431477349691,0.6839204333829664,116,0.32432432432432434,2.234812255230471,0.077347073302291,0.8638297872340426
3.0,0.6,26,1.7423829186882678,0.11877800393933313,-0.30416078511616285,0.6170456643912218,131,0.4140625,1.8102640527483695,0.053588735232252965,0.8553191489361702
3.0,0.6,52,1.6806170371351477,0.11594614995685193,-0.32719406692047115,0.6860930067490059,86,0.39759036144578314,2.316788912679643,0.07752716926759232,0.825531914893617
3.0,0.8,26,2.5192970192243056,0.15025975772943112,-0.3308185489789758,0.7058675074262476,123,0.38333333333333336,2.0472234162807488,0.07407079972320986,0.8553191489361702
3.0,0.8,52,2.426982506878782,0.14686314095143738,-0.29274457130122145,0.7911083511337638,84,0.37037037037037035,2.6491005255720883,0.10227030861641254,0.825531914893617
3.0,1.2,26,2.1060097306533856,0.1343837564654906,-0.3306307277842435,0.6123115908066193,122,0.3697478991596639,1.8904653652052814,0.0643059898825009,0.8425531914893617
3.0,1.2,52,2.1221370871776797,0.1350375487232962,-0.30621872515836834,0.7008334874257871,82,0.35443037974683544,2.591002238788475,0.0982850627111507,0.8340425531914893
