symbol,entry_date,entry,exit_date,exit,ret,reason
LITE,2017-02-13,48.621249999999996,2017-04-10,47.9298742389679,-0.014219621277365313,below_10wk_loss
BLDR,2017-03-06,15.24802503824234,2017-05-15,14.214375,-0.06778910945187488,below_10wk_loss
MXL,2017-05-15,31.318099770545956,2017-06-19,28.01977515220642,-0.1053168820108793,below_10wk_loss
BWXT,2017-03-06,42.59323875054441,2017-06-26,41.60563996752373,-0.02318675010380744,below_10wk_loss
FORM,2017-05-08,14.035,2017-06-26,13.017375190258027,-0.07250622085799596,below_10wk_loss
POWI,2017-07-03,33.51878303210304,2017-08-07,31.559243258582743,-0.0584609462594009,below_10wk_loss
VIAV,2017-01-30,8.922249617576599,2017-08-14,10.573500380516055,0.18507112373168044,below_30wk
NFLX,2017-07-24,18.91617197990417,2017-08-28,16.601392149925232,-0.12237041577112295,below_10wk_loss
ALB,2017-03-06,89.74873538941804,2018-01-22,102.56777406463306,0.1428325270500297,below_30wk
AVAV,2017-07-03,37.5436257648468,2018-02-12,48.13934832572937,0.2822242749607753,below_30wk
HALO,2017-09-18,16.430974388122557,2018-05-14,18.733050684928894,0.14010589040114607,below_30wk
AXON,2018-03-05,38.83685168266296,2018-05-14,57.286425304412845,0.47505327600964886,parabolic_ext
ZUMZ,2018-06-11,26.9171253824234,2018-07-09,23.690625,-0.11986794044992155,below_10wk_loss
TTD,2018-05-21,8.5964373087883,2018-08-13,12.76899714231491,0.4853824536428508,parabolic_ext
NFLX,2018-01-29,27.488550076484678,2018-08-20,31.385340700149538,0.1417605007474878,below_30wk
VCYT,2018-07-30,10.60644992351532,2018-09-24,9.994950456619263,-0.05765354772856812,below_10wk_loss
FN,2018-08-27,48.12,2018-10-08,44.52839939117432,-0.07463841664226267,below_10wk_loss
GKOS,2018-09-03,68.3704969406128,2018-10-29,59.36122332572938,-0.13177136364401376,below_10wk_loss
CALX,2018-11-12,10.425999617576597,2018-12-24,8.47875,-0.1867686254557156,below_10wk_loss
LNTH,2019-02-25,24.2605007648468,2019-05-20,23.989874238967897,-0.011155026374024324,below_10wk_loss
PLNT,2017-11-13,30.05494954109192,2019-08-19,70.4234984779358,1.3431581005202133,below_30wk
BAND,2019-03-11,62.124926223754876,2019-09-16,69.75517530441284,0.12282105661061316,below_30wk
WING,2017-11-06,28.970040944237727,2019-10-28,78.62733591817475,1.7140912941586328,below_30wk
ARWR,2019-05-27,24.4609996175766,2019-12-02,73.14667682647705,1.990338823844184,parabolic_ext
AMKR,2019-11-04,12.160361239211229,2020-01-13,11.794443813050803,-0.03009099968021678,below_10wk_loss
ACAD,2019-09-16,40.3005007648468,2020-01-27,38.7029992389679,-0.03963974381361457,below_10wk_loss
LSCC,2019-02-18,11.06759996175766,2020-02-03,18.683174543380737,0.6880962998244868,below_30wk
DKS,2019-12-02,37.057252686682524,2020-02-03,35.90327009336354,-0.031140532814881272,below_10wk_loss
CROX,2019-11-04,36.47095107078552,2020-03-02,26.713050684928895,-0.2675526713552868,hard_stop
RMBS,2020-02-03,16.05002522945404,2020-03-02,14.03482469558716,-0.1255574682941124,below_10wk_loss
GNRC,2020-02-17,112.7311219406128,2020-03-02,103.71007621765138,-0.08002267313292366,below_10wk_loss
CALX,2020-02-17,10.2254998087883,2020-03-09,8.518649961948395,-0.1669209211048005,below_10wk_loss
AXON,2020-06-08,96.81142469406127,2020-07-27,85.92464939117433,-0.1124534148453119,below_10wk_loss
SMCI,2020-06-22,3.250105103254318,2020-07-27,2.724172446727753,-0.16182019959906857,below_10wk_loss
IRTC,2020-08-10,202.57518234252927,2020-08-24,210.9213719558716,0.0412004546501159,parabolic_ext
MEDP,2020-08-03,121.40274847030639,2020-09-14,116.87707317352297,-0.03727819471805738,below_10wk_loss
NVCR,2020-09-21,106.68604816436769,2020-10-12,139.85948169708251,0.3109444402852528,parabolic_ext
CORT,2020-09-07,20.049999999999997,2020-11-02,16.977450456619263,-0.1532443662534032,below_10wk_loss
IESC,2020-09-21,17.3432492351532,2020-11-02,16.00488757610321,-0.07716902645539159,below_10wk_loss
CCJ,2020-12-14,13.417490610968528,2021-01-25,12.237200804627038,-0.0879665088326298,below_10wk_loss
HALO,2020-11-09,38.58622668266296,2021-05-17,42.234150152206425,0.09453952311907443,below_30wk
ACLS,2021-01-18,36.56117622375488,2021-07-12,38.08455030441284,0.04166644068929548,below_30wk
AMD,2021-08-09,111.58827255249024,2021-09-20,101.32605182647704,-0.09196504696482266,below_10wk_loss
CCJ,2021-09-13,25.38925629852747,2021-09-27,19.971666270495618,-0.2133812020459246,hard_stop
DECK,2021-06-28,63.89600930213928,2021-10-04,60.49172510147095,-0.05327851047114385,below_30wk
KLIC,2020-11-23,27.64539366077611,2021-10-11,48.41022962895836,0.7511137740694882,below_30wk
ENPH,2021-11-01,233.62259326934813,2021-12-13,215.0909298706055,-0.07932307890006651,below_10wk_loss
TTD,2021-11-15,100.15977867126465,2022-01-03,92.4283536529541,-0.07719091556388047,below_10wk_loss
NVMI,2021-11-08,128.07940214157105,2022-01-24,111.49057165145875,-0.12951989322823376,below_10wk_loss
PLAB,2021-12-13,17.20289984703064,2022-03-14,16.96747522830963,-0.01368517057091656,below_10wk_loss
SRPT,2023-03-06,156.21957683563232,2023-03-20,123.58027439117433,-0.208932216471177,hard_stop
SLAB,2023-02-06,180.49009326934814,2023-03-27,169.51515243530275,-0.060806333662132395,below_10wk_loss
AXON,2023-03-06,218.13397132873536,2023-05-01,210.80167682647706,-0.03361372122643047,below_10wk_loss
AAON,2023-03-06,61.79946552370248,2023-05-22,60.1434610671054,-0.026796420366482665,below_10wk_loss
TTD,2023-07-17,87.95934785842896,2023-08-14,73.86487804412842,-0.16023845284739568,below_10wk_loss
CAMT,2023-07-17,40.22071699776771,2023-09-04,57.45899551455707,0.42859202429797816,rsi_blowoff
CORT,2023-08-07,31.63889946460724,2023-10-02,27.17189977169037,-0.14118694924625508,below_10wk_loss
URBN,2023-05-29,31.60882568836212,2023-11-27,32.20927591323853,0.01899628384794716,below_30wk
PLAB,2023-12-18,29.74417507648468,2024-02-26,28.179375,-0.05260862244324904,below_10wk_loss
BWXT,2023-06-19,67.59354891790066,2024-03-11,100.89336110595997,0.49264778549363286,rsi_blowoff
DKS,2024-03-18,198.69838220704705,2024-03-25,207.01692752790328,0.04186518897868119,rsi_blowoff
APPF,2024-04-01,246.03354816436766,2024-04-08,233.54467987060548,-0.050760834800540056,below_10wk_loss
BAND,2024-03-04,20.62142469406128,2024-04-22,17.556000380516053,-0.148652402005378,below_10wk_loss
BLDR,2023-12-18,165.5428298950195,2024-05-13,167.1012042617798,0.009413723129830132,below_30wk
LNTH,2024-07-15,123.45787652969359,2024-08-05,91.84980182647705,-0.2560231521203452,hard_stop
BOX,2024-09-02,32.41082683563232,2024-10-28,32.2192492389679,-0.005910913585635669,below_10wk_loss
AXON,2024-08-12,369.0202561187744,2024-11-11,609.5323475646973,0.6517585077186403,rsi_blowoff
BE,2024-11-18,21.45851318836212,2024-11-25,26.234249238967898,0.22255670785224146,parabolic_ext
AVAV,2023-09-11,113.52309785842894,2024-12-09,163.26082317352297,0.43812868265029525,below_30wk
AOSL,2024-12-09,48.55107530593872,2024-12-23,38.30400152206421,-0.21105760725800227,hard_stop
SHOP,2024-11-18,109.1722515296936,2025-01-13,100.7475,-0.07716934854459934,below_10wk_loss
NVCR,2024-12-09,28.07,2025-01-27,25.935000000000002,-0.07605985037406482,below_10wk_loss
GKOS,2023-12-18,80.98194877624512,2025-02-24,126.44310213088991,0.5613739116139937,below_30wk
NTGR,2024-09-16,22.185324158668518,2025-03-10,22.782900152206423,0.0269356439988917,below_30wk
VIAV,2025-02-03,11.7292498087883,2025-03-10,10.673249809741975,-0.0900313333129884,below_10wk_loss
BOX,2025-06-02,37.91454969406128,2025-07-07,33.067126522064214,-0.12785126583624806,below_10wk_loss
AVAV,2025-06-30,284.39922744750976,2025-08-18,246.0333689117432,-0.13490141615397877,below_10wk_loss
KTOS,2025-06-30,46.50597438812255,2025-09-29,88.72762195587158,0.9078757756021187,parabolic_ext
LAC,2025-09-29,6.1653750956058495,2025-10-06,9.426374809741974,0.5289215438749679,parabolic_ext
VIAV,2025-11-03,17.6941246175766,2025-11-10,18.18442454338074,0.027709758826785835,rsi_blowoff
RMBS,2025-09-22,102.60587347030639,2025-11-17,93.80490091323853,-0.08577454934502182,below_10wk_loss
MEDP,2025-07-28,452.45831153869625,,571.02001953125,0.26203896573223595,open
FORM,2025-11-03,55.21770183563232,,59.18999862670898,0.071938828655004,open
PLAB,2025-12-15,36.85189831733703,,33.40999984741211,-0.0933981321745283,open
