sector,symbol,since,full|trades,full|win,full|exp,full|avg_win,full|avg_loss,full|pf,full|worst,full|cagr,dev 2012-18|trades,dev 2012-18|win,dev 2012-18|exp,dev 2012-18|avg_win,dev 2012-18|avg_loss,dev 2012-18|pf,dev 2012-18|worst,dev 2012-18|cagr,test 2022-26|trades,test 2022-26|win,test 2022-26|exp,test 2022-26|avg_win,test 2022-26|avg_loss,test 2022-26|pf,test 2022-26|worst,test 2022-26|cagr
Equity index,ES,2000,198,0.7474747474747475,0.004258464036929949,0.010197944345576616,-0.013322397676664181,2.2658019971721104,-0.10086189376443415,0.03299521503891345,66.0,0.7424242424242424,0.003187328298229604,0.00811959724207277,-0.011029211598730115,2.1219599227338657,-0.03721871769293554,0.029845376768839582,45,0.7111111111111111,0.005149712746428692,0.011612320981093268,-0.010758245985053342,2.656954931352538,-0.032776264697839716,0.049096055317413345
Equity index,NQ,2000,206,0.7038834951456311,0.005208221373288775,0.014002655701648676,-0.015696581538386403,2.1205254900003543,-0.08512060226911249,0.04194849605410056,66.0,0.696969696969697,0.005200559442467415,0.012735986536597079,-0.012130922874030803,2.4147189243846894,-0.05523405483405479,0.04898471848861741,41,0.7317073170731707,0.0072317075151403605,0.014905538671563504,-0.013696922911468224,2.967927129839305,-0.04718436754039006,0.06305187201231699
Equity index,YM,2002,194,0.7164948453608248,0.0026965295049833707,0.010193349375286294,-0.01624997889450946,1.585317374438424,-0.0951402809539366,0.021413332398434903,63.0,0.7619047619047619,0.0023993927296892324,0.008337739789261993,-0.016603317860943604,1.606953956377611,-0.03767323385548886,0.021016124602742714,43,0.6744186046511628,0.0027975151047117583,0.010469506713004268,-0.013094467512465593,1.6561830645984625,-0.03395123477483512,0.02562130179604094
Equity index,RTY,2017,61,0.6885245901639344,0.003690546374578919,0.014100718253405298,-0.019321412515458335,1.6132365449859032,-0.07225572277997021,0.025313269558370877,,,,,,,,,36,0.75,0.007569758944694656,0.01463258066136022,-0.013618706205302027,3.2233415804939254,-0.04126748780717297,0.05785298936236338
Energy,CL,2000,133,0.6090225563909775,-0.002024156952002313,0.025763264223667502,-0.045308409167949544,0.8857348831977863,-0.1371651691833186,-0.015662928123143627,39.0,0.5897435897435898,-0.007734950528070368,0.017237377848364016,-0.0436326725691948,0.5678939473104235,-0.1371651691833186,-0.04642466737495787,14,0.7142857142857143,-0.0015433079670186876,0.023131983377691467,-0.06323153632879407,0.9145746221240294,-0.1280779883417183,-0.007836939573242496
Energy,BZ,2007,82,0.6341463414634146,-0.002167019287155941,0.025693987712408058,-0.05045943141973354,0.882614887149855,-0.15120725859165213,-0.01436971942050469,34.0,0.6176470588235294,-0.008625111498868304,0.017729537841144106,-0.051198006586580656,0.5593972221951762,-0.1334117349918547,-0.045633567095438976,16,0.6875,0.00028275630560139695,0.030005008355018105,-0.06510619820311536,1.0138976042665193,-0.15120725859165213,-0.00409380994923958
Energy,NG,2000,130,0.6692307692307692,0.007089893795726954,0.036294923082317763,-0.0519993515050498,1.4122082683312445,-0.25400252161955533,0.02757256352280857,37.0,0.7027027027027027,0.013191673416723003,0.030580755278961206,-0.027909792803112763,2.589835965989538,-0.08565812738889304,0.06788154556175474,21,0.6190476190476191,0.0010426559179940657,0.040227974845630086,-0.06263348733941447,1.0436982180139933,-0.11994889772192845,-0.002724165863961514
Energy,RB,2000,165,0.703030303030303,0.0070818851403066955,0.027937406934487305,-0.042290370535712725,1.5638911162491096,-0.2798454543537046,0.04059383323655186,44.0,0.5909090909090909,-0.001702158540995688,0.020448212830462643,-0.033697139410879935,0.8765226941561355,-0.11775286879421558,-0.014794241227585436,23,0.6521739130434783,0.004704663254488306,0.02297474467506714,-0.029551739409097014,1.4577025625940023,-0.07105604388964708,0.020731725760364528
Energy,HO,2000,149,0.6577181208053692,-0.0009526555280523128,0.022306791318275555,-0.04564727887981959,0.9390270664139008,-0.16726250428670092,-0.011181301334037608,37.0,0.5945945945945946,-0.0038610326059388823,0.01932511672304851,-0.03786738495512039,0.7484938439960913,-0.10293402984664339,-0.023656958384942528,24,0.5,-0.005632831892329157,0.018192521579777826,-0.029458185364436146,0.6175710198952388,-0.12577505194861233,-0.03123480624308761
Metals,GC,2000,170,0.6294117647058823,0.002515842144143716,0.01417898290484312,-0.017292984227202896,1.3925742543776842,-0.12106353629904369,0.01542767051893823,27.0,0.48148148148148145,-0.0010463246318198388,0.013290565000639055,-0.014359150719103106,0.859468583524673,-0.04165286478227652,-0.004680195610822446,29,0.5517241379310345,0.0022017584248796946,0.017090066604022486,-0.016122313180219124,1.3046470374880657,-0.09034050079135096,0.011544199540212352
Metals,SI,2000,142,0.6056338028169014,0.001130096871971291,0.022778064605435022,-0.03211499643299087,1.0892294286402247,-0.12574017327349157,0.0032409892039348964,17.0,0.5294117647058824,-0.00835543198520985,0.018479206963008747,-0.03854440080195577,0.5393548064270333,-0.07169556515820545,-0.02157883549540518,31,0.5806451612903226,-0.0018594225047157248,0.023406119435785393,-0.03684248057617881,0.8796495935696556,-0.12574017327349157,-0.01701108385400274
Metals,HG,2000,148,0.6891891891891891,0.006346400680625333,0.019806955890180226,-0.023500917392735517,1.8688535014408774,-0.12615612125083758,0.03504761667114642,30.0,0.6666666666666666,0.002042045575862781,0.014957235069970506,-0.023788333412352668,1.2575269406812333,-0.12615612125083758,0.006950276939852618,25,0.6,0.001384830916881703,0.019877165919303653,-0.026353671586751226,1.1313698275706199,-0.10224988242113157,0.0030783455809202387
Metals,PL,1997,145,0.6482758620689655,0.0022689981393613054,0.015858830643958186,-0.022778928437738825,1.2832035386982292,-0.08040235146286705,0.010217109337745,22.0,0.4090909090909091,-0.01024286132573652,0.013386757750981616,-0.026601828378849078,0.3483879090593984,-0.07760914231243148,-0.03309856912262077,24,0.7083333333333334,0.006226887591224327,0.018305483933743847,-0.02310684638346594,1.9239395341925225,-0.05823716285492568,0.030541634119680028
Metals,PA,1998,129,0.689922480620155,0.00010272984084943535,0.02809363066947572,-0.062177024502844055,1.0053283948434082,-0.45423013962868847,-0.01187424809881299,37.0,0.6486486486486487,0.00040949256835280564,0.023732761480708575,-0.04264885003907323,1.027327321775874,-0.08242300864646028,-0.0014461742073401673,9,0.6666666666666666,0.002365669667417255,0.02834229867128908,-0.0495875883403264,1.1431206727285064,-0.0799399891202897,0.0028384539817778442
Rates,ZT,2000,133,0.5639097744360902,-8.838981569387567e-05,0.0010078310584220158,-0.0015059168080851137,0.8654062494874301,-0.009587725904667764,-0.00047035348830637425,17.0,0.17647058823529413,-0.0004795595814202128,0.0006206320010372287,-0.0007153149205182361,0.18592170781854148,-0.0021864799199657224,-0.0011658288557967467,21,0.5714285714285714,-0.0007238562073975204,0.0006174950952465677,-0.0025123246109229717,0.3277151328623965,-0.007642255336897596,-0.0032086975820572183
Rates,ZF,2000,128,0.6796875,0.0005213514432853786,0.00275090503677882,-0.00420965252339583,1.3866432597734346,-0.01776162635405847,0.0026006001249110344,25.0,0.48,-0.0005200770174394527,0.002010149676972913,-0.002855670889204714,0.6497677256012434,-0.00827001777100782,-0.0018717371274464822,21,0.7142857142857143,9.167199584396328e-05,0.0017797566736786673,-0.0041285396987427985,1.0777156110553021,-0.012215787600540916,0.000378874955198949
Rates,ZN,2000,130,0.6461538461538462,0.0009007453587678699,0.004070177370233939,-0.004886913096952781,1.520898296953277,-0.024372602739726013,0.004563633437352221,32.0,0.65625,0.00026665690683068497,0.003079812256613419,-0.005103912397299987,1.1519871665347972,-0.012015375404143257,0.0011706591850086934,15,0.4666666666666667,-0.0005470405414503607,0.0030174296947862314,-0.003665951998157379,0.7202088255015409,-0.012673285149325019,-0.001756465710297972
Rates,ZB,2000,122,0.5737704918032787,-9.204454662388482e-05,0.008116688732635258,-0.011142262422549645,0.9806187775076931,-0.05133099671412926,-0.0008284146887752586,32.0,0.59375,-0.0003564102903572111,0.007344413362590422,-0.011611460244665294,0.9244438150485476,-0.023269429241594964,-0.001885921815360958,9,0.2222222222222222,-0.005587081870094348,0.0016375058314250348,-0.007651249784814172,0.06114802445832637,-0.012354261954261968,-0.010592458673449268
Grains,ZC,2000,121,0.6363636363636364,0.0015394621312161978,0.026155504896459843,-0.041538612707960186,1.1019177238924318,-0.16712681342475638,0.0006792555745398499,28.0,0.5714285714285714,-0.0006040412139578347,0.02171326685126157,-0.030360451967583708,0.9535767945503638,-0.1177501577287066,-0.004996940643095971,15,0.6,-0.014942305818483114,0.012451013547999556,-0.056032284868207126,0.3333171289717733,-0.1414071942446043,-0.059177986387042525
Grains,ZS,2000,144,0.6805555555555556,-0.0007144178991767291,0.01865921747319152,-0.041988684562048226,0.9467371110996295,-0.3313549945115258,-0.010686156660286272,32.0,0.6875,-0.0007886882667019531,0.020329037939999742,-0.047247685921445695,0.9465835753809753,-0.15013070017953317,-0.007769703316149901,13,0.6923076923076923,8.943644746068191e-05,0.012285378269820561,-0.027351432652849048,1.0106271747420492,-0.047453551422809756,-0.0021086034195137993
Grains,ZW,2000,153,0.6928104575163399,0.005300644616788516,0.02346499577246718,-0.03566576437261444,1.4838054146958461,-0.1549757498077416,0.0267016562835396,37.0,0.7297297297297297,0.001660312929190272,0.021803919440290455,-0.05272742465078021,1.116507830198248,-0.1328742268041237,0.0005097914462848241,17,0.5882352941176471,-0.014853408656988754,0.017213408591733793,-0.060663147583735255,0.40536280562319466,-0.1549757498077416,-0.06260082559595914
Grains,ZL,2000,162,0.6358024691358025,-0.00031256893330885614,0.017154506635143976,-0.0308059381460316,0.972140432214779,-0.1253241658299124,-0.005234976846650641,26.0,0.46153846153846156,-0.004649412303685017,0.011789320438540002,-0.01873975465416361,0.5392350108605981,-0.05173925609569267,-0.01782963346004174,28,0.6785714285714286,-0.001483639428541493,0.01780939870370298,-0.04221338659661315,0.890656318216641,-0.10969445614297706,-0.011990514481525105
Grains,ZM,2000,113,0.5929203539823009,-0.006606600226322403,0.022487422698842092,-0.04898267709558373,0.6686735384830924,-0.3741138911605168,-0.03757610019575841,26.0,0.5769230769230769,-0.004173291605773941,0.024906676911154613,-0.043827794128858344,0.7749340574507568,-0.09420012014562966,-0.018381984302873633,15,0.26666666666666666,-0.022993127338123594,0.010331642306871568,-0.035111225390849106,0.10700170093868469,-0.10207993063794223,-0.07947376587767363
Softs,KC,2000,137,0.6204379562043796,-0.00018527351969674426,0.0236327774274924,-0.039118626029525164,0.9875219424888165,-0.18554182194496854,-0.0054899231120519865,19.0,0.5789473684210527,-0.006091544283909318,0.01995955479040222,-0.04191180551108768,0.6548128266519727,-0.13379610541686998,-0.018949179730409216,29,0.6551724137931034,-0.004919351326517951,0.02167634670988405,-0.055451177595681765,0.7427264944502633,-0.18554182194496854,-0.038127018026400394
Softs,SB,2000,127,0.6692913385826772,0.001398759166602526,0.022778651697871695,-0.041870070956204125,1.1010168168549967,-0.2627394269403904,0.0015681574870223258,23.0,0.6086956521739131,-0.005024914427768958,0.016996899063571127,-0.03928106874763132,0.6730881212886911,-0.10459485721759514,-0.018455845828856066,20,0.8,-0.0013992053927900032,0.017496316049883998,-0.076981291163486,0.9091204257786158,-0.20930938336387733,-0.012664180795691538
Softs,CC,2000,143,0.6433566433566433,0.000561324813703448,0.024195292272929717,-0.042072498838234156,1.0374094906556524,-0.16896717897868124,-0.0016251537169573727,32.0,0.5625,-0.003330255768725449,0.02319485030568461,-0.037433963578681236,0.7966548968383024,-0.10414531835205991,-0.01832488472051841,29,0.7586206896551724,0.012114539070149293,0.029558035327478426,-0.042707877738599374,2.175165036913771,-0.13625325180655917,0.0702084519965962
Softs,CT,2000,159,0.7295597484276729,0.0015954651693217848,0.018077282351626697,-0.042867111415500786,1.1376232395318948,-0.2379293657797496,0.005568390107098198,48.0,0.8333333333333334,0.005737455295097879,0.01433419393684896,-0.037246237913657526,1.924247217944241,-0.06235552089394174,0.038242388369349234,18,0.7222222222222222,-0.009380568095896389,0.018531186656783834,-0.08195113045286498,0.5879245965417135,-0.2379293657797496,-0.04344887085648974
Livestock,LE,2001,168,0.625,-0.0026771199214159743,0.010451818894611893,-0.024558684614795753,0.7093090868226601,-0.18757950022118725,-0.020508935613425816,35.0,0.4857142857142857,-0.009705801531867482,0.007722374481027063,-0.026165745544045667,0.27873670422455255,-0.06626191169489141,-0.04877989256948678,38,0.7105263157894737,0.002871308873816167,0.010966018836002898,-0.01699752466973309,1.5835595012431547,-0.06832103074138877,0.02191614610929582
Livestock,HE,2000,135,0.6148148148148148,-0.00664078416355552,0.01932758281612351,-0.04809029299650473,0.6414973527205319,-0.19974374690388347,-0.040953606857802693,28.0,0.6428571428571429,-0.0066517671202141046,0.017001546382586583,-0.04922773142525534,0.6216573992470367,-0.1369242584855634,-0.030655111460081708,28,0.7142857142857143,0.009849681992846587,0.024140722773779388,-0.025877919959485407,2.3321738002488432,-0.08317402138551781,0.05665885071614318
Livestock,GF,2001,157,0.554140127388535,-0.00097952346849135,0.010729694792359102,-0.01553240902126262,0.8585582439340477,-0.09799380862808497,-0.007231100952512559,30.0,0.6,-0.003036040999553445,0.008459346564480765,-0.020279122345604767,0.6257183930581357,-0.0439500229007687,-0.013626590062642885,35,0.4857142857142857,-0.0018071449770703126,0.013044819492334683,-0.015834000309286143,0.7780792634626092,-0.09799380862808497,-0.015147072833762598
Currencies,6E,2000,147,0.5986394557823129,1.904436433863664e-05,0.006232963267402389,-0.009249173660570006,1.0051301359094114,-0.043691784950602594,-0.0001879241661398856,35.0,0.6571428571428571,0.0005855471682172158,0.004964563142959851,-0.007807566783372833,1.2187424014018404,-0.030802802685389975,0.0027672237964913027,27,0.5925925925925926,-0.001005640852202247,0.0033371389303977323,-0.007322411445074944,0.662899141738548,-0.02238252895670827,-0.005839547703438752
Currencies,6J,2000,130,0.676923076923077,0.0009473332492126043,0.007676560998875925,-0.013152001083415304,1.2229487317748229,-0.07886429179577419,0.004397340364782565,23.0,0.5217391304347826,-0.003169322295082343,0.010040057110355006,-0.01757955437374127,0.6230413662415133,-0.07886429179577419,-0.011194369104209123,16,0.75,0.0028303122976469893,0.00866283044814138,-0.014667242153836179,1.7718730673323557,-0.022168027006623726,0.009348972166116631
Currencies,6B,2000,162,0.6234567901234568,0.00048723245969230667,0.0055539547276884284,-0.007901930639776678,1.1637525907594386,-0.04184725588941611,0.002904768159468274,34.0,0.5588235294117647,-0.002423478852743363,0.003934452703775439,-0.010476858824333845,0.4756807526960035,-0.04184725588941611,-0.012021740228145839,32,0.625,0.0007963048867484859,0.004629237474656557,-0.005591916093098296,1.3797409801296598,-0.014811144740286929,0.0052589989081981425
Currencies,6A,2000,147,0.6666666666666666,0.00038557563858845624,0.006518624978412871,-0.01188052304106037,1.0973632988857138,-0.08684440969056544,0.0012701173162228407,34.0,0.6176470588235294,-0.00043549167102551465,0.005490829527792059,-0.010008779761423132,0.8862020901970254,-0.04739740630311333,-0.0024116272196890165,25,0.6,-0.00039990944899009206,0.00494227909741163,-0.008413192268592672,0.8811659604871402,-0.02648045187959829,-0.004967655812415872
Currencies,6C,2000,139,0.6187050359712231,0.00031613703501689333,0.005791588212304077,-0.00856855732812835,1.0967623928923151,-0.0318652765909611,0.0015161617171859376,30.0,0.6333333333333333,0.0003012341678654167,0.006745543892164865,-0.01082984626501545,1.0758595930577481,-0.02809478242642798,0.0010796193464610582,19,0.3684210526315789,-0.003428185571912066,0.0017601515928695939,-0.006454715584701367,0.15907054034637225,-0.013090013059144411,-0.013711738705412424
Currencies,6S,2000,163,0.6134969325153374,0.0006702606765891079,0.006617111682562721,-0.00876918536463884,1.1977568542954693,-0.041556298113577014,0.004076379193969748,34.0,0.5588235294117647,-0.0018488427538941097,0.004694839623307714,-0.010137507098349752,0.5866133358523447,-0.041556298113577014,-0.009213419655223598,28,0.5357142857142857,0.00102601357503542,0.006389116173727594,-0.005162181731147857,1.4280894217748894,-0.012447184478698569,0.005915007794350835
