market,strategy,cagr,max_dd,sharpe,trades,exposure,win_rate,avg_trade,avg_win,avg_loss,worst_trade,profit_factor,avg_days,trades_per_yr
SPY (1993-2026),Buy & hold,0.10869412122584343,-0.5518944001105979,0.6463803434654705,0,1.0,,,,,,,,
SPY (1993-2026),"RSI(2)<10 >200MA, exit >5MA [close fill]",0.051275379431156676,-0.14766158415086383,0.8193054660343522,265,0.13988886204397197,0.769811320754717,0.0063426892932935556,0.012278904260062591,-0.013509570595573383,-0.10200824956080416,3.0396137502182246,3.369811320754717,8.057208857071505
SPY (1993-2026),"RSI(2)<10 >200MA, exit >5MA [open fill]",0.03734516579376468,-0.14550165380693847,0.6080396981545326,265,0.10787629862285576,0.7660377358490567,0.004651151389148879,0.010462966411939601,-0.014377855862891704,-0.10200819253982334,2.3826763496343424,2.369811320754717,8.057208857071505
SPY (1993-2026),RSI(2)<5 >200MA (variant),0.02757862940437361,-0.14060072487129127,0.5761817760845883,129,0.06656197149069823,0.7906976744186046,0.007113620632794398,0.01320731442039268,-0.015907000342576888,-0.10200824956080416,3.1366252496981293,3.2713178294573644,3.9221884624989594
SPY (1993-2026),"RSI(2)<10, NO 200MA filter",0.067133279023053,-0.27421950273921414,0.6473429792581535,387,0.21406136748006765,0.7338501291989664,0.005779195502109228,0.0146300630640455,-0.018625138357986903,-0.10852192330412151,2.1658471596934215,3.5788113695090438,11.766565387496877
SPY (1993-2026),Dip to 20MA in uptrend,0.016369140207824318,-0.12517347543174862,0.3479030191591919,147,0.11536603044213578,0.5714285714285714,0.003889271369750915,0.02027419562736424,-0.017957294307066857,-0.09448776076670033,1.5053638022654374,5.496598639455782,4.469470573545325
SPY (1993-2026),Dip to 50MA in uptrend,0.019880312097283692,-0.22187444690039915,0.345688776790278,153,0.13723121526938875,0.6209150326797386,0.0046666403239493115,0.02406886784085469,-0.027112870264085386,-0.09448776076670033,1.454038071860696,6.42483660130719,4.651897943894114
S&P 500 index (1970-2026),Buy & hold,0.0840901282078026,-0.5677538774277293,0.5571584305096543,0,1.0,,,,,,,,
S&P 500 index (1970-2026),"RSI(2)<10 >200MA, exit >5MA [close fill]",0.030541178853461082,-0.226167934086154,0.5605851582828516,466,0.1554106725249805,0.723175965665236,0.0037352218355336596,0.0104491602411466,-0.013804291673703246,-0.10174953790387513,1.9774588410406453,3.7060085836909873,8.326313472262989
S&P 500 index (1970-2026),"RSI(2)<10 >200MA, exit >5MA [open fill]",0.0286517770053214,-0.21309456249993386,0.5339050908490538,466,0.12238679044716888,0.7317596566523605,0.003491481079044101,0.00996891133645875,-0.014178948663183059,-0.10171506900063791,1.917997643681035,2.7060085836909873,8.326313472262989
S&P 500 index (1970-2026),RSI(2)<5 >200MA (variant),0.02333866514622729,-0.18452859200993788,0.5436537641690764,249,0.08255970519452908,0.7951807228915663,0.005342965392569945,0.011444582080505795,-0.01834566410176924,-0.10174953790387513,2.4219295989673237,3.678714859437751,4.449038743762841
S&P 500 index (1970-2026),"RSI(2)<10, NO 200MA filter",0.03059242872489487,-0.44940879908526976,0.35217951682829024,711,0.25008858337467227,0.6779184247538678,0.00259943426494932,0.012314672075778552,-0.01784923221897946,-0.16767048979343196,1.4521613304031047,3.963431786216596,12.703881714117992
S&P 500 index (1970-2026),Dip to 20MA in uptrend,0.013819724695203206,-0.17628884045934967,0.3132709232498791,262,0.11735525476578555,0.5725190839694656,0.0031758047888168694,0.01907616479181095,-0.018119320215193073,-0.09283804812938161,1.4100106784144213,5.320610687022901,4.6813178749633115
S&P 500 index (1970-2026),Dip to 50MA in uptrend,0.0202169028269914,-0.21225497240700175,0.3996949256920989,243,0.12685139253064984,0.6008230452674898,0.0049791463142065855,0.02287500185864445,-0.021956883680514332,-0.09283804812938161,1.5680920694240712,6.366255144032922,4.341832990901087
NYSE U.S. 100 index (2004-2026),Buy & hold,0.05803589934593956,-0.5616394157189002,0.4073863725945035,0,1.0,,,,,,,,
NYSE U.S. 100 index (2004-2026),"RSI(2)<10 >200MA, exit >5MA [close fill]",0.017526014924576172,-0.13817069302107787,0.3521957635129159,170,0.14262413918086264,0.7352941176470589,0.002341949462485449,0.008972605694412212,-0.01607654007064444,-0.1021386889638936,1.550327657392608,3.6294117647058823,7.750905005617277
NYSE U.S. 100 index (2004-2026),"RSI(2)<10 >200MA, exit >5MA [open fill]",0.01881240068595713,-0.1372141702646109,0.38239326940435275,170,0.11181587531714389,0.7294117647058823,0.002475227147657023,0.00883124581771186,-0.01465838839770818,-0.1021386889638936,1.6240507715430352,2.6294117647058823,7.750905005617277
NYSE U.S. 100 index (2004-2026),RSI(2)<5 >200MA (variant),0.008545980533100073,-0.13226559244113956,0.21984294517069208,92,0.07828923523015585,0.7065217391304348,0.002130375389686345,0.009590463492184375,-0.01582909596817928,-0.09836170666738302,1.4585894796499017,3.6956521739130435,4.1946074148046435
NYSE U.S. 100 index (2004-2026),"RSI(2)<10, NO 200MA filter",0.032925174985648065,-0.2975180095179015,0.36333887534081966,259,0.2218194998187749,0.722007722007722,0.002966420557932678,0.011690026098941635,-0.019690721611076697,-0.13318381994109624,1.5419239661308068,3.7258687258687258,11.808731743852203
NYSE U.S. 100 index (2004-2026),Dip to 20MA in uptrend,-0.000701025273424305,-0.16589644716817964,-0.00023954254756262442,73,0.08318231243204059,0.4794520547945205,-6.978091439211223e-06,0.018496915522569785,-0.017050037999079063,-0.04475569687248941,0.9992137682670617,5.287671232876712,3.3283297965297716
NYSE U.S. 100 index (2004-2026),Dip to 50MA in uptrend,0.00230372258366085,-0.19950837170954017,0.07288109336611304,70,0.0967741935483871,0.5571428571428572,0.0010962151128266525,0.022042379808941057,-0.025255411440349512,-0.057284346704805575,1.0980116461046265,6.628571428571429,3.191549119960055
Nasdaq-100 index (1986-2026),Buy & hold,0.14207983634978172,-0.8289721157242127,0.6410375674527515,0,1.0,,,,,,,,
Nasdaq-100 index (1986-2026),"RSI(2)<10 >200MA, exit >5MA [close fill]",0.04251552549737747,-0.38169080948711875,0.4649880519970675,337,0.1571259376233715,0.7032640949554896,0.005365774892861275,0.01598630869161478,-0.019804890210184542,-0.2949856383565454,1.9130402237546156,3.7240356083086055,8.380259395424837
Nasdaq-100 index (1986-2026),"RSI(2)<10 >200MA, exit >5MA [open fill]",0.036074703175483114,-0.3812543025887343,0.40754755962546696,337,0.12386498223450454,0.6943620178041543,0.004599427974127105,0.015002373285969291,-0.0190344477828736,-0.2949856383565454,1.7905989198507553,2.7240356083086055,8.380259395424837
Nasdaq-100 index (1986-2026),RSI(2)<5 >200MA (variant),0.024452353791496906,-0.4106113073513872,0.33829175165120706,168,0.07619423608369523,0.7559523809523809,0.006389756985817728,0.01709127888780563,-0.02675885963741312,-0.2808508483924938,1.9784579471432087,3.5952380952380953,4.177696078431373
Nasdaq-100 index (1986-2026),"RSI(2)<10, NO 200MA filter",0.09776887723971539,-0.43265029604300687,0.6992734235369485,500,0.23371496249506515,0.7,0.008013128551057028,0.020434145855542818,-0.020969245159409827,-0.2949856383565454,2.2737906539061696,3.736,12.433619281045752
Nasdaq-100 index (1986-2026),Dip to 20MA in uptrend,0.020372253498299076,-0.26586395452970346,0.27944024989815264,253,0.16808132649032767,0.5612648221343873,0.00368885064912185,0.02702167707749641,-0.026160350727717673,-0.07672669108338452,1.3213993931660448,5.7312252964426875,6.29141135620915
Nasdaq-100 index (1986-2026),Dip to 50MA in uptrend,0.012139216498925576,-0.4014235231789547,0.17710307262700078,309,0.16433083300434267,0.5372168284789643,0.002149403601120595,0.02770812895197721,-0.027520165687286394,-0.09897401298902812,1.1687677147923472,4.388349514563107,7.683976715686275
