strategy,cagr,max_dd,sharpe,trades,win_rate,avg_trade,avg_win,avg_loss,worst_trade,profit_factor,avg_days,exposure,trades_per_yr,entry,ex,hold
RSI2<10 | exit RSI2>70 | max hold -,0.07080213640163469,-0.14818775504585913,0.9801239177806603,143,0.8251748251748252,0.009346456315641414,0.014904201403705299,-0.016886100500020144,-0.07681648265176659,4.1660198946112565,4.475524475524476,0.1624818427059556,7.472210300429185,RSI2<10,RSI2>70,
RSI2<10 | exit close>SMA10 | max hold -,0.07375192731222824,-0.15468946333579459,0.9767621133859803,139,0.8561151079136691,0.009896106575935404,0.015435167313781065,-0.023061304814246304,-0.07681648265176659,3.982395890290775,5.086330935251799,0.17555509441792902,7.263197424892704,RSI2<10,close>SMA10,
RSI2<10 | exit RSI2>70 | max hold 10,0.06651644946597779,-0.16381961757792818,0.9394631316904187,145,0.8275862068965517,0.008768560196378736,0.015083515443516464,-0.021543224989882374,-0.14059899533964476,3.3607258970224554,4.3310344827586205,0.16040672338659473,7.576716738197425,RSI2<10,RSI2>70,10.0
RSI2<10 | exit RSI2>70 | max hold 5,0.0558816706030445,-0.07082339234433466,0.9060773596404987,150,0.7133333333333334,0.007125676903048846,0.01593465037078584,-0.01479432684225019,-0.046029770616038454,2.68017191437926,3.5933333333333333,0.14297572110396348,7.837982832618026,RSI2<10,RSI2>70,5.0
RSI2<10 | exit close>SMA10 | max hold 5,0.05564584022504193,-0.08672334315130326,0.8935536845787916,149,0.7114093959731543,0.007042890994626418,0.016357542001758093,-0.01591880683690748,-0.046029770616038454,2.5330568733714762,3.7114093959731544,0.1456733762191326,7.785729613733906,RSI2<10,close>SMA10,5.0
RSI2<10 | exit close>SMA5 | max hold 5,0.05179852439842891,-0.07082339234433466,0.8827255290649881,152,0.756578947368421,0.0065067872609061,0.013454514468698936,-0.015087500006558122,-0.046029770616038454,2.7717040923044802,3.0592105263157894,0.12803486200456526,7.942489270386266,RSI2<10,close>SMA5,5.0
RSI2<10 | exit close>SMA10 | max hold 10,0.06410145246958265,-0.184153141998752,0.8769856867885496,141,0.851063829787234,0.008615887091549547,0.015543009665228336,-0.030967670472329283,-0.14059899533964476,2.868061973417742,4.75886524822695,0.1684996887321021,7.367703862660945,RSI2<10,close>SMA10,10.0
2-day cum RSI2<35 | exit close>SMA10 | max hold -,0.06605131440456424,-0.1464718174060372,0.869272050759679,142,0.852112676056338,0.008756833480817431,0.013863958431416199,-0.020669934091680272,-0.07681648265176659,3.8646861548039384,4.802816901408451,0.17098983191533512,7.419957081545065,2-day cum RSI2<35,close>SMA10,
RSI2<10 | exit close>SMA5 | max hold -,0.0567490501789909,-0.14766158415086383,0.8588603129552108,149,0.785234899328859,0.0072538990931894694,0.013153922350809586,-0.014318060942484084,-0.10200824956080416,3.3589763857230497,3.38255033557047,0.13550529155426436,7.785729613733906,RSI2<10,close>SMA5,
RSI2<15 | exit RSI2>70 | max hold -,0.07038085195948418,-0.14060072487129105,0.8440480586034524,201,0.7611940298507462,0.00661372066687362,0.012668680202075587,-0.012686462851582652,-0.07681648265176659,3.1830320725747683,4.587064676616915,0.23303589956422494,10.502896995708156,RSI2<15,RSI2>70,
2-day cum RSI2<35 | exit RSI2>70 | max hold -,0.06148781199530173,-0.14060072487129116,0.8425392890817462,148,0.8243243243243243,0.007862544551826086,0.01284696639223733,-0.015525896391642072,-0.07681648265176659,3.882669167982127,4.094594594594595,0.1564639966798091,7.733476394849786,2-day cum RSI2<35,RSI2>70,
RSI2<10 | exit close>prior high | max hold 10,0.05264080384338743,-0.18301445743359113,0.8270081140543374,146,0.8082191780821918,0.006949139891019866,0.013093989618091119,-0.018947012530208973,-0.14059899533964476,2.9124281890110852,3.719178082191781,0.14297572110396348,7.628969957081545,RSI2<10,close>prior high,10.0
RSI2<10 | exit close>SMA5 | max hold 10,0.05338770836814155,-0.1633031026031757,0.8211549720371636,149,0.785234899328859,0.006885656160366933,0.013153922350809586,-0.016032692098439022,-0.14059899533964476,2.999747534590906,3.3691275167785233,0.1350902676903922,7.785729613733906,RSI2<10,close>SMA5,10.0
RSI2<15 | exit close>SMA10 | max hold -,0.0697223126632589,-0.14292659514684503,0.8209744750050408,199,0.8241206030150754,0.006598301485508411,0.011714572972086201,-0.01737508490874179,-0.07681648265176659,3.159186974604643,4.819095477386934,0.24029881718198798,10.398390557939914,RSI2<15,close>SMA10,
RSI2<10 | exit RSI2>50 | max hold 5,0.04337855661485701,-0.07619764388580341,0.8156250260755777,154,0.7662337662337663,0.005400345764868716,0.011396852477759345,-0.014254870682939454,-0.046029770616038454,2.62060250275859,2.5324675324675323,0.11288649097323096,8.046995708154506,RSI2<10,RSI2>50,5.0
RSI2<10 | exit close>prior high | max hold 5,0.04694335992454657,-0.0755261708877758,0.8091562631549639,152,0.743421052631579,0.005930936446754749,0.01323944626501164,-0.015245002257425476,-0.046029770616038454,2.516263771081692,3.151315789473684,0.13094002905167046,7.942489270386266,RSI2<10,close>prior high,5.0
RSI2<15 | exit RSI2>70 | max hold 10,0.06629884063175151,-0.14191090710656507,0.8080641982125816,204,0.7647058823529411,0.00621677814688558,0.012842268162116732,-0.015316064402615653,-0.14059899533964476,2.725071560795444,4.446078431372549,0.2305457563809919,10.659656652360516,RSI2<15,RSI2>70,10.0
RSI2<20 | exit RSI2>70 | max hold -,0.07085703707700719,-0.14060072487129094,0.8074098468336388,237,0.7679324894514767,0.005655248067279925,0.011515903153860321,-0.013738192401040645,-0.07681648265176659,2.773812545639117,4.641350210970464,0.2774434529985474,12.384012875536481,RSI2<20,RSI2>70,
RSI2<20 | exit close>SMA10 | max hold -,0.07147640902242003,-0.14292659514684514,0.806316293216166,242,0.8305785123966942,0.005557762775814804,0.0102314175195512,-0.01735454462640509,-0.07681648265176659,2.8902458464027125,4.574380165289257,0.27993359618178043,12.645278969957083,RSI2<20,close>SMA10,
RSI2<10 | exit close>prior high | max hold -,0.05369607111940655,-0.14766158415086372,0.8057405585783843,144,0.8055555555555556,0.0071401669503470145,0.013082454196732332,-0.017477880213249315,-0.10200824956080416,3.1009904035128897,3.8333333333333335,0.14442830462751607,7.524463519313305,RSI2<10,close>prior high,
2-day cum RSI2<50 | exit RSI2>70 | max hold -,0.06574712392368998,-0.14846014014245634,0.804609718290536,199,0.7939698492462312,0.006261620996704066,0.011980616801335827,-0.015777436006511006,-0.07681648265176659,2.9262806828037737,4.402010050251256,0.2230753268312928,10.398390557939914,2-day cum RSI2<50,RSI2>70,
2-day cum RSI2<20 | exit close>SMA10 | max hold -,0.05209240642173696,-0.14536923495688714,0.7997974950221803,85,0.8470588235294118,0.011534494570655238,0.01839434748145506,-0.026458536935313026,-0.07412124460271723,3.8504164572745463,5.364705882352941,0.1122639551774227,4.4415236051502145,2-day cum RSI2<20,close>SMA10,
2-day cum RSI2<35 | exit RSI2>70 | max hold 10,0.05631290622411478,-0.17971678428131244,0.7928281286603758,149,0.825503355704698,0.0072567544722665555,0.01302363429663373,-0.020025023158393558,-0.14059899533964476,3.07674093138219,3.9395973154362416,0.15272878190495953,7.785729613733906,2-day cum RSI2<35,RSI2>70,10.0
2-day cum RSI2<35 | exit close>SMA10 | max hold 10,0.058049798205833,-0.1877737942075578,0.7899689883088923,144,0.8472222222222222,0.007715987535075963,0.014106478358100964,-0.027722188847153596,-0.14059899533964476,2.8218130596610225,4.479166666666667,0.1637269142975721,7.524463519313305,2-day cum RSI2<35,close>SMA10,10.0
2-day cum RSI2<20 | exit RSI2>70 | max hold -,0.04856481368192456,-0.1387958401050472,0.7856652019309177,88,0.875,0.010560788646181131,0.015870801449108334,-0.026609300974309292,-0.07412124460271723,4.175066840388584,4.261363636363637,0.09607802448640797,4.5982832618025755,2-day cum RSI2<20,RSI2>70,
RSI2<10 | exit RSI2>50 | max hold -,0.04591295913350146,-0.14766158415086383,0.7828192515863451,152,0.7828947368421053,0.005792311727969047,0.011237656770282415,-0.013843932515524607,-0.10085955433827835,2.927179205641343,2.7171052631578947,0.11724424154388878,7.942489270386266,RSI2<10,RSI2>50,
RSI2<10 | exit first up close | max hold 5,0.03530784977967505,-0.1089402326307336,0.7769992908142653,167,0.7604790419161677,0.004052453103831681,0.008339964791045823,-0.00956039650307321,-0.038212315126124594,2.769695608655837,1.5808383233532934,0.08943764266445321,8.726287553648069,RSI2<10,first up close,5.0
RSI2<10 | exit first up close | max hold 10,0.03530784977967505,-0.1089402326307336,0.7769992908142653,167,0.7604790419161677,0.004052453103831681,0.008339964791045823,-0.00956039650307321,-0.038212315126124594,2.769695608655837,1.5808383233532934,0.08943764266445321,8.726287553648069,RSI2<10,first up close,10.0
RSI2<10 | exit first up close | max hold -,0.03530784977967505,-0.1089402326307336,0.7769992908142653,167,0.7604790419161677,0.004052453103831681,0.008339964791045823,-0.00956039650307321,-0.038212315126124594,2.769695608655837,1.5808383233532934,0.08943764266445321,8.726287553648069,RSI2<10,first up close,
RSI2<10 | exit RSI2>50 | max hold 10,0.044981696133884475,-0.14766158415086383,0.7693321158764854,152,0.7828947368421053,0.005685223233155116,0.011237656770282415,-0.014337188612849378,-0.10085955433827835,2.826472642441717,2.710526315789474,0.11703672961195269,7.942489270386266,RSI2<10,RSI2>50,10.0
RSI2<15 | exit close>SMA5 | max hold -,0.05758157864984881,-0.14276600676975337,0.767439141765419,215,0.7441860465116279,0.005102835637013335,0.011216470420525189,-0.012682283733202963,-0.10200824956080416,2.572859338181369,3.4465116279069767,0.19838140693089854,11.234442060085838,RSI2<15,close>SMA5,
RSI2<20 | exit RSI2>70 | max hold 10,0.0652754210940194,-0.1513682607965836,0.758185016721972,241,0.7717842323651453,0.005200201721940316,0.01172086284404511,-0.016851488618268618,-0.14059899533964476,2.352185493548489,4.464730290456432,0.2732932143598257,12.593025751072963,RSI2<20,RSI2>70,10.0
2-day cum RSI2<50 | exit close>SMA10 | max hold -,0.06263445432377912,-0.15495976937277356,0.7472765816860673,193,0.8134715025906736,0.006140602768606684,0.011713936594821055,-0.018165325306828198,-0.07681648265176659,2.8122688790672212,4.865284974093265,0.23490350695164972,10.084871244635194,2-day cum RSI2<50,close>SMA10,
RSI2<15 | exit close>SMA5 | max hold 5,0.05063171988529502,-0.0765615680302274,0.7457627577891642,223,0.7040358744394619,0.004350518420950359,0.011740395844549941,-0.01322843242003652,-0.046029770616038454,2.111203386796293,3.0762331838565022,0.18862834612990248,11.652467811158798,RSI2<15,close>SMA5,5.0
2-day cum RSI2<20 | exit RSI2>70 | max hold 10,0.0449253607204505,-0.14538418190874036,0.744583219807005,88,0.875,0.009854186182264997,0.015870801449108334,-0.03226212068563836,-0.09938652712503797,3.4435309205576528,4.034090909090909,0.09192778584768624,4.5982832618025755,2-day cum RSI2<20,RSI2>70,10.0
2-day cum RSI2<20 | exit close>SMA10 | max hold 10,0.04695345314371546,-0.15013463768193713,0.7416405140240108,85,0.8352941176470589,0.010478649553982982,0.01859376185485487,-0.030676562829010188,-0.09938652712503797,3.0739081052416686,4.952941176470588,0.10500103755965969,4.4415236051502145,2-day cum RSI2<20,close>SMA10,10.0
2-day cum RSI2<50 | exit RSI2>70 | max hold 10,0.05898494894658479,-0.1665692409546088,0.7383317535578524,201,0.7960199004975125,0.005654613472009871,0.012177666222216672,-0.01980120213855326,-0.14059899533964476,2.399985594765986,4.233830845771144,0.2183025523967628,10.502896995708156,2-day cum RSI2<50,RSI2>70,10.0
RSI2<15 | exit close>SMA10 | max hold 10,0.05975253776528766,-0.15862096732159736,0.7324242995925146,203,0.8275862068965517,0.005651358822701,0.011748035537130478,-0.023612689406560493,-0.14059899533964476,2.388146881843915,4.482758620689655,0.23096078024486408,10.607403433476396,RSI2<15,close>SMA10,10.0
RSI2<20 | exit close>SMA10 | max hold 10,0.06213511361788959,-0.16789415254828954,0.7313757877348822,248,0.8346774193548387,0.0048066160858008,0.010401256864466305,-0.02343949711380307,-0.14059899533964476,2.2403920378923035,4.229838709677419,0.26914297572110396,12.958798283261803,RSI2<20,close>SMA10,10.0
RSI2<15 | exit close>SMA5 | max hold 10,0.054071856264817475,-0.1440728879621248,0.7306861536211029,215,0.7441860465116279,0.00483567088550154,0.011216470420525189,-0.013726655034567253,-0.14059899533964476,2.377107317861988,3.427906976744186,0.19755135920315417,11.234442060085838,RSI2<15,close>SMA5,10.0
RSI2<20 | exit close>SMA5 | max hold -,0.05819143410740013,-0.1427660067697536,0.7239693145700438,261,0.7394636015325671,0.004259764992019027,0.010319318655127103,-0.012938674081214189,-0.10200824956080416,2.2636519193843,3.467432950191571,0.24195891263747665,13.638090128755366,RSI2<20,close>SMA5,
2-day cum RSI2<20 | exit RSI2>70 | max hold 5,0.038105402003365096,-0.13038862332479995,0.7224232236176074,91,0.8021978021978022,0.008129514406182725,0.016084120439576317,-0.024130832284802395,-0.07688600539630779,2.703182519155392,3.4505494505494507,0.08404233243411496,4.755042918454936,2-day cum RSI2<20,RSI2>70,5.0
RSI2<15 | exit close>prior high | max hold -,0.05477344312464405,-0.14060072487129105,0.7202573426304628,208,0.7596153846153846,0.005041966007286416,0.01102583848680427,-0.013867071027989992,-0.10200824956080416,2.5125456953364815,3.855769230769231,0.2095870512554472,10.868669527896996,RSI2<15,close>prior high,
RSI2<15 | exit close>prior high | max hold 10,0.05254721726900402,-0.174558201392373,0.7146386169760321,211,0.7582938388625592,0.004805631438885708,0.011006280875886372,-0.014647386402685009,-0.14059899533964476,2.3573836096726555,3.748815165876777,0.20792695579995848,11.025429184549356,RSI2<15,close>prior high,10.0
2-day cum RSI2<35 | exit close>SMA10 | max hold 5,0.04560940311516681,-0.09018118913331663,0.7146130574528173,152,0.7302631578947368,0.005742406040340177,0.014170794538935152,-0.01707591404122183,-0.054267476566911596,2.246722131713694,3.6052631578947367,0.14525835235526044,7.942489270386266,2-day cum RSI2<35,close>SMA10,5.0
RSI2<20 | exit close>SMA5 | max hold 10,0.056071586937665785,-0.15350641356973127,0.7046101310036088,262,0.7404580152671756,0.004120048245263861,0.010352663930617055,-0.013661237680596723,-0.14059899533964476,2.161995999511015,3.4389312977099236,0.2413363768416684,13.690343347639486,RSI2<20,close>SMA5,10.0
2-day cum RSI2<35 | exit close>SMA5 | max hold -,0.046103424467365706,-0.14764869286504867,0.6914828486051305,152,0.7763157894736842,0.005811864564687961,0.011588360734553766,-0.014235975083669833,-0.10200824956080416,2.825126357366373,3.1907894736842106,0.13218510064328698,7.942489270386266,2-day cum RSI2<35,close>SMA5,
2-day cum RSI2<35 | exit RSI2>70 | max hold 5,0.0431712427066957,-0.07923033227744625,0.6872792424567781,154,0.7337662337662337,0.0054083613270577875,0.013546643986755844,-0.017021539661866134,-0.054267476566911596,2.1934486064705045,3.3506493506493507,0.13903299439717784,8.046995708154506,2-day cum RSI2<35,RSI2>70,5.0
2-day cum RSI2<20 | exit close>SMA10 | max hold 5,0.03642844916436205,-0.14129316824873528,0.6784500959396075,90,0.7333333333333333,0.0076993105092282585,0.01755289158340707,-0.019398037444763493,-0.07688600539630779,2.488419356433404,3.922222222222222,0.09192778584768624,4.702789699570816,2-day cum RSI2<20,close>SMA10,5.0
RSI2<20 | exit close>prior high | max hold -,0.0548225017377455,-0.15281889327054776,0.6731396297658717,247,0.7368421052631579,0.004264912251357314,0.010737207920046841,-0.013857515620973353,-0.10200824956080416,2.1695217958570443,4.016194331983805,0.25710728366881097,12.906545064377683,RSI2<20,close>prior high,
2-day cum RSI2<35 | exit close>SMA5 | max hold 5,0.04025629869281322,-0.07355590399023959,0.6688768787396953,155,0.7548387096774194,0.005004771653345818,0.011889256677859889,-0.016192195395815914,-0.054267476566911596,2.2607431954680015,2.9290322580645163,0.12637476654907656,8.099248927038627,2-day cum RSI2<35,close>SMA5,5.0
RSI2<20 | exit close>prior high | max hold 10,0.05276524988823428,-0.18255473278458045,0.6671221474002638,251,0.7370517928286853,0.0040718873841386,0.010756122177164583,-0.014664225293282717,-0.14059899533964476,2.0560060830147897,3.8764940239043826,0.25399460468976964,13.115557939914163,RSI2<20,close>prior high,10.0
2-day cum RSI2<50 | exit close>SMA5 | max hold -,0.04838858144897751,-0.16097605739288512,0.6637568040741763,208,0.7644230769230769,0.004463511529655566,0.01023800898804314,-0.014274143488377574,-0.10200824956080416,2.3273756844643634,3.2596153846153846,0.18385557169537248,10.868669527896996,2-day cum RSI2<50,close>SMA5,
2-day cum RSI2<20 | exit close>SMA5 | max hold 10,0.036582403430407195,-0.14468651205255012,0.6558546134138661,89,0.8202247191011236,0.007935474674599862,0.013826651305675092,-0.018943018704680875,-0.09938652712503797,3.330202939965125,3.2247191011235956,0.07802448640796845,4.650536480686696,2-day cum RSI2<20,close>SMA5,10.0
2-day cum RSI2<20 | exit close>SMA5 | max hold -,0.036582403430407195,-0.14468651205255012,0.6558546134138661,89,0.8202247191011236,0.007935474674599862,0.013826651305675092,-0.018943018704680875,-0.09938652712503797,3.330202939965125,3.2247191011235956,0.07802448640796845,4.650536480686696,2-day cum RSI2<20,close>SMA5,
2-day cum RSI2<20 | exit close>prior high | max hold 10,0.03658360116646353,-0.1446865120525498,0.6531091792236087,88,0.8522727272727273,0.00805336652895148,0.013913350097398167,-0.025754230981317867,-0.09938652712503797,3.1167433243577274,3.5113636363636362,0.08238223697862627,4.5982832618025755,2-day cum RSI2<20,close>prior high,10.0
2-day cum RSI2<35 | exit close>SMA5 | max hold 10,0.04277594460964629,-0.18498561674633085,0.6523676713109378,152,0.7763157894736842,0.005450889584486921,0.011588360734553766,-0.015849745583392125,-0.14059899533964476,2.5374810100314016,3.1776315789473686,0.13177007677941482,7.942489270386266,2-day cum RSI2<35,close>SMA5,10.0
2-day cum RSI2<20 | exit close>SMA5 | max hold 5,0.03249831114729851,-0.11863591055004052,0.6515782802099115,91,0.8131868131868132,0.006946017307074997,0.01398400368232286,-0.023689923385180413,-0.07688600539630779,2.5695121276237907,2.956043956043956,0.07470429549699108,4.755042918454936,2-day cum RSI2<20,close>SMA5,5.0
2-day cum RSI2<20 | exit close>prior high | max hold 5,0.032060570960313006,-0.11863591055004064,0.6497635475704044,91,0.7912087912087912,0.006859032950896767,0.014191987496276808,-0.020929005326332868,-0.07688600539630779,2.569647353289151,3.0549450549450547,0.07657190288441586,4.755042918454936,2-day cum RSI2<20,close>prior high,5.0
RSI2<20 | exit close>SMA5 | max hold 5,0.047360679889304036,-0.10910668474107976,0.649008120577857,269,0.7026022304832714,0.0034028362327601248,0.010770538938524208,-0.014003361409607517,-0.0550577481977748,1.8170921608011699,3.107806691449814,0.22930068478937538,14.056115879828328,RSI2<20,close>SMA5,5.0
2-day cum RSI2<20 | exit close>prior high | max hold -,0.03641516931051614,-0.14468651205255012,0.6481186970747065,88,0.8522727272727273,0.008019870455893096,0.013913350097398167,-0.025980973629713074,-0.09938652712503797,3.089542702633346,3.5681818181818183,0.0834197966383067,4.5982832618025755,2-day cum RSI2<20,close>prior high,
2-day cum RSI2<20 | exit first up close | max hold 5,0.024894199064166234,-0.08168569492973032,0.6475890452895331,96,0.7916666666666666,0.005000864610365396,0.00921934998053816,-0.011029379796291098,-0.031501150066771386,3.176382586609802,1.5416666666666667,0.05063291139240506,5.016309012875537,2-day cum RSI2<20,first up close,5.0
2-day cum RSI2<20 | exit first up close | max hold -,0.024894199064166234,-0.08168569492973032,0.6475890452895331,96,0.7916666666666666,0.005000864610365396,0.00921934998053816,-0.011029379796291098,-0.031501150066771386,3.176382586609802,1.5416666666666667,0.05063291139240506,5.016309012875537,2-day cum RSI2<20,first up close,
2-day cum RSI2<20 | exit first up close | max hold 10,0.024894199064166234,-0.08168569492973032,0.6475890452895331,96,0.7916666666666666,0.005000864610365396,0.00921934998053816,-0.011029379796291098,-0.031501150066771386,3.176382586609802,1.5416666666666667,0.05063291139240506,5.016309012875537,2-day cum RSI2<20,first up close,10.0
2-day cum RSI2<35 | exit close>prior high | max hold -,0.042875062754193616,-0.15058990403439798,0.6430886382467517,148,0.7972972972972973,0.0055684953979739564,0.010998256552141322,-0.015788565141751008,-0.10200824956080416,2.7399455692584573,3.5135135135135136,0.13861797053330566,7.733476394849786,2-day cum RSI2<35,close>prior high,
2-day cum RSI2<50 | exit close>prior high | max hold -,0.047407814596196474,-0.14106737863889107,0.6369425096501483,201,0.7512437810945274,0.0045437334653216045,0.010903697955506244,-0.014663359295035996,-0.10200824956080416,2.2456769395793503,3.756218905472637,0.19838140693089854,10.502896995708156,2-day cum RSI2<50,close>prior high,
2-day cum RSI2<50 | exit close>SMA10 | max hold 10,0.050089899864920406,-0.18925530638059584,0.6309233539016893,196,0.8163265306122449,0.004957282647662188,0.011806084206420722,-0.025481835391264626,-0.14059899533964476,2.0591721340393523,4.459183673469388,0.22203776717161236,10.241630901287554,2-day cum RSI2<50,close>SMA10,10.0
2-day cum RSI2<50 | exit close>SMA5 | max hold 10,0.044974630797502746,-0.1788189909732626,0.6262596712755758,208,0.7644230769230769,0.0041929535126932,0.01023800898804314,-0.015422634662421903,-0.14059899533964476,2.1540609110290863,3.2451923076923075,0.18323303589956422,10.868669527896996,2-day cum RSI2<50,close>SMA5,10.0
2-day cum RSI2<35 | exit close>prior high | max hold 10,0.04082309875825407,-0.18779798928232616,0.6226839269006597,150,0.8,0.005283308617592868,0.01098479003410933,-0.01752261704847298,-0.14059899533964476,2.507568362356377,3.4133333333333336,0.13737289894168914,7.837982832618026,2-day cum RSI2<35,close>prior high,10.0
2-day cum RSI2<50 | exit RSI2>70 | max hold 5,0.04376689338538564,-0.1396490060576816,0.6196840457224772,214,0.719626168224299,0.003981602255222466,0.012317214908672328,-0.017413136888632177,-0.05516109203859269,1.81553646160662,3.4626168224299065,0.19817389499896243,11.182188841201718,2-day cum RSI2<50,RSI2>70,5.0
2-day cum RSI2<50 | exit close>prior high | max hold 10,0.044185670976488955,-0.18386828255172705,0.6152975373548887,204,0.7549019607843137,0.004222879019016318,0.010919974059620316,-0.016404173706043995,-0.14059899533964476,2.0503026062957717,3.6127450980392157,0.19526872795185723,10.659656652360516,2-day cum RSI2<50,close>prior high,10.0
RSI2<15 | exit close>prior high | max hold 5,0.040873094712654545,-0.09119928169109726,0.6090302699591318,221,0.6877828054298643,0.003589193433373687,0.011448344721852905,-0.013723719549942845,-0.046029770616038454,1.8376608399922343,3.16289592760181,0.19091097738119941,11.547961373390558,RSI2<15,close>prior high,5.0
RSI2<15 | exit RSI2>50 | max hold -,0.040818731604916225,-0.146087866533385,0.6051746309098607,225,0.7111111111111111,0.0034982794912756738,0.009423598591726872,-0.011087121371373425,-0.10085955433827835,2.092206768794657,2.7866666666666666,0.17680016600954554,11.756974248927039,RSI2<15,RSI2>50,
RSI2<15 | exit RSI2>70 | max hold 5,0.04344157237068891,-0.1136250302472035,0.6042632214781604,217,0.6682027649769585,0.0039053257597433466,0.01352231201144852,-0.015462215997162902,-0.046029770616038454,1.7612245176850265,3.6129032258064515,0.2077194438680224,11.338948497854078,RSI2<15,RSI2>70,5.0
2-day cum RSI2<20 | exit RSI2>50 | max hold 10,0.029600142844016908,-0.14359264411413508,0.6038120692063447,90,0.8333333333333334,0.006379599400589209,0.011446177082708774,-0.018953289010008614,-0.09823447973455728,3.0195754089605296,2.577777777777778,0.0668188420834198,4.702789699570816,2-day cum RSI2<20,RSI2>50,10.0
2-day cum RSI2<20 | exit RSI2>50 | max hold -,0.029600142844016908,-0.14359264411413508,0.6038120692063447,90,0.8333333333333334,0.006379599400589209,0.011446177082708774,-0.018953289010008614,-0.09823447973455728,3.0195754089605296,2.577777777777778,0.0668188420834198,4.702789699570816,2-day cum RSI2<20,RSI2>50,
2-day cum RSI2<50 | exit close>SMA5 | max hold 5,0.03956289203553176,-0.08698127947050116,0.600872392106774,215,0.7348837209302326,0.0035695079404834307,0.010482021093317856,-0.015591493430531286,-0.05516109203859269,1.863543541849116,2.9488372093023254,0.17617763021373728,11.234442060085838,2-day cum RSI2<50,close>SMA5,5.0
RSI2<15 | exit RSI2>50 | max hold 10,0.03989200441831087,-0.146087866533385,0.5932600652822203,225,0.7111111111111111,0.003425935263668041,0.009423598591726872,-0.01133754369770754,-0.10085955433827835,2.045994352756121,2.7822222222222224,0.17659265407760946,11.756974248927039,RSI2<15,RSI2>50,10.0
2-day cum RSI2<20 | exit RSI2>50 | max hold 5,0.02639624416416453,-0.11863591055004064,0.5930196325329905,91,0.8241758241758241,0.005654199306869777,0.011446177082708774,-0.021495696517375512,-0.07688600539630779,2.4960324049898794,2.4065934065934065,0.06432869890018676,4.755042918454936,2-day cum RSI2<20,RSI2>50,5.0
RSI2<15 | exit close>SMA10 | max hold 5,0.04137101823035949,-0.11362503024720394,0.5887249122094578,219,0.6894977168949772,0.003665632322646553,0.012589793689431122,-0.016151255418301532,-0.046029770616038454,1.7309334183305738,3.4885844748858448,0.20398422909317285,11.443454935622318,RSI2<15,close>SMA10,5.0
RSI2<15 | exit RSI2>50 | max hold 5,0.03612680535423518,-0.07265900669066583,0.580161469054764,229,0.6899563318777293,0.0030521053536984315,0.009652331815530383,-0.011635722547279698,-0.046029770616038454,1.846025196171646,2.5807860262008733,0.17015978418759078,11.96598712446352,RSI2<15,RSI2>50,5.0
2-day cum RSI2<35 | exit close>prior high | max hold 5,0.03376002152576962,-0.07675278736467994,0.5745436226248889,154,0.7337662337662337,0.00424557856400646,0.01132477718076811,-0.015265383477312246,-0.054267476566911596,2.044638499445198,2.9675324675324677,0.12678979041294874,8.046995708154506,2-day cum RSI2<35,close>prior high,5.0
RSI2<15 | exit first up close | max hold 5,0.030955859077949288,-0.08439538199341146,0.5715887373590641,260,0.6961538461538461,0.002303540766177801,0.007438293967680662,-0.009460893784100895,-0.038212315126124594,1.8013273989413319,1.6346153846153846,0.14214567337621914,13.585836909871245,RSI2<15,first up close,5.0
RSI2<15 | exit first up close | max hold -,0.030955859077949288,-0.08439538199341146,0.5715887373590641,260,0.6961538461538461,0.002303540766177801,0.007438293967680662,-0.009460893784100895,-0.038212315126124594,1.8013273989413319,1.6346153846153846,0.14214567337621914,13.585836909871245,RSI2<15,first up close,
RSI2<15 | exit first up close | max hold 10,0.030955859077949288,-0.08439538199341146,0.5715887373590641,260,0.6961538461538461,0.002303540766177801,0.007438293967680662,-0.009460893784100895,-0.038212315126124594,1.8013273989413319,1.6346153846153846,0.14214567337621914,13.585836909871245,RSI2<15,first up close,10.0
2-day cum RSI2<35 | exit RSI2>50 | max hold -,0.03337831667628688,-0.1465586132857144,0.5592693471207322,156,0.7564102564102564,0.0041419119863708226,0.00972598285290688,-0.013198097546556936,-0.10085955433827835,2.2883401278790045,2.576923076923077,0.11579165802033617,8.151502145922747,2-day cum RSI2<35,RSI2>50,
2-day cum RSI2<50 | exit close>prior high | max hold 5,0.03611973830702109,-0.10206945639810361,0.5468870833515626,214,0.7149532710280374,0.003297906067436396,0.010804099842063684,-0.015529104547612372,-0.05516109203859269,1.7450335090153315,3.0841121495327104,0.18136542851213944,11.182188841201718,2-day cum RSI2<50,close>prior high,5.0
2-day cum RSI2<35 | exit RSI2>50 | max hold 10,0.03245821430780249,-0.1473007213528359,0.5458608762750484,156,0.7564102564102564,0.004037569350398275,0.00972598285290688,-0.013626451525812655,-0.10085955433827835,2.2164050684975747,2.5705128205128207,0.11558414608840008,8.151502145922747,2-day cum RSI2<35,RSI2>50,10.0
2-day cum RSI2<50 | exit close>SMA10 | max hold 5,0.037552586575798186,-0.14994920712045545,0.5429354085313042,212,0.7311320754716981,0.0034476873335729024,0.011492931633514938,-0.01842973137679579,-0.05516109203859269,1.6957766876259723,3.4952830188679247,0.19775887113509028,11.077682403433476,2-day cum RSI2<50,close>SMA10,5.0
RSI2<20 | exit RSI2>70 | max hold 5,0.040594081478199096,-0.14477831077604175,0.5408947109385246,258,0.6705426356589147,0.003094779787959983,0.012196279049500963,-0.015429448120823428,-0.0550577481977748,1.6088077040895896,3.608527131782946,0.24673168707200663,13.481330472103005,RSI2<20,RSI2>70,5.0
RSI2<20 | exit close>SMA10 | max hold 5,0.039478603881299756,-0.10694717460171232,0.5373484263377803,269,0.7100371747211895,0.0028618285267289737,0.01074990690148049,-0.016453850570418968,-0.046029770616038454,1.5998376710693527,3.3048327137546467,0.24029881718198798,14.056115879828328,RSI2<20,close>SMA10,5.0
2-day cum RSI2<35 | exit RSI2>50 | max hold 5,0.0286581933616874,-0.07958087815578185,0.5263442111358528,157,0.7388535031847133,0.0035450988457022482,0.009814689543200188,-0.014193255322828505,-0.054267476566911596,1.956449686524003,2.4140127388535033,0.11122639551774227,8.203755364806867,2-day cum RSI2<35,RSI2>50,5.0
2-day cum RSI2<50 | exit RSI2>50 | max hold -,0.034228889296032516,-0.16097605739288623,0.5203604226042334,216,0.7175925925925926,0.0030776510953022924,0.008951560932453738,-0.011847857507295636,-0.10085955433827835,1.91982133212339,2.6574074074074074,0.16393442622950818,11.286695278969958,2-day cum RSI2<50,RSI2>50,
2-day cum RSI2<50 | exit RSI2>50 | max hold 10,0.03330802959224388,-0.16097605739288623,0.5081785459009714,216,0.7175925925925926,0.003002292524877675,0.008951560932453738,-0.012114700969782807,-0.10085955433827835,1.8775345457719708,2.6527777777777777,0.1637269142975721,11.286695278969958,2-day cum RSI2<50,RSI2>50,10.0
RSI2<20 | exit RSI2>50 | max hold 10,0.036217795264430475,-0.14276600676975348,0.5051006828430343,274,0.6897810218978102,0.002577725372761014,0.008810226251649095,-0.011280423640296007,-0.10085955433827835,1.736618926692121,2.8394160583941606,0.2183025523967628,14.317381974248928,RSI2<20,RSI2>50,10.0
2-day cum RSI2<35 | exit first up close | max hold 5,0.02428477373910498,-0.1011923849796954,0.5029939948994477,169,0.757396449704142,0.0027884759595685855,0.007735924430233574,-0.012657216826897721,-0.03432040186414213,1.9080955188899404,1.5739644970414202,0.09026769039219755,8.830793991416309,2-day cum RSI2<35,first up close,5.0
2-day cum RSI2<35 | exit first up close | max hold -,0.02428477373910498,-0.1011923849796954,0.5029939948994477,169,0.757396449704142,0.0027884759595685855,0.007735924430233574,-0.012657216826897721,-0.03432040186414213,1.9080955188899404,1.5739644970414202,0.09026769039219755,8.830793991416309,2-day cum RSI2<35,first up close,
2-day cum RSI2<35 | exit first up close | max hold 10,0.02428477373910498,-0.1011923849796954,0.5029939948994477,169,0.757396449704142,0.0027884759595685855,0.007735924430233574,-0.012657216826897721,-0.03432040186414213,1.9080955188899404,1.5739644970414202,0.09026769039219755,8.830793991416309,2-day cum RSI2<35,first up close,10.0
RSI2<20 | exit close>prior high | max hold 5,0.035926106475485886,-0.13143811159727903,0.5025794574363653,265,0.6679245283018868,0.0026693425333351264,0.010958996540132363,-0.014004166093972951,-0.0550577481977748,1.573997836354119,3.237735849056604,0.23303589956422494,13.847103004291846,RSI2<20,close>prior high,5.0
RSI2<20 | exit RSI2>50 | max hold -,0.035774299110808094,-0.14276600676975348,0.4993505488228318,273,0.6886446886446886,0.002554871078501955,0.008767789677986706,-0.01118664300035843,-0.10085955433827835,1.733521643423255,2.8534798534798536,0.2183025523967628,14.265128755364808,RSI2<20,RSI2>50,
2-day cum RSI2<50 | exit RSI2>50 | max hold 5,0.02915775802571874,-0.10292491275871685,0.4788971880187283,221,0.7149321266968326,0.002582048453062195,0.008932147976912892,-0.013343597971833194,-0.05516109203859269,1.6788020781859252,2.4705882352941178,0.1591616517949782,11.547961373390558,2-day cum RSI2<50,RSI2>50,5.0
RSI2<20 | exit first up close | max hold -,0.026092956687631785,-0.12458635688262565,0.4421985640201748,327,0.6819571865443425,0.0015634117913018988,0.0067553767768968685,-0.009569359283579618,-0.038212315126124594,1.5136945236892392,1.6819571865443426,0.1819879643079477,17.086802575107296,RSI2<20,first up close,
RSI2<20 | exit first up close | max hold 10,0.026092956687631785,-0.12458635688262565,0.4421985640201748,327,0.6819571865443425,0.0015634117913018988,0.0067553767768968685,-0.009569359283579618,-0.038212315126124594,1.5136945236892392,1.6819571865443426,0.1819879643079477,17.086802575107296,RSI2<20,first up close,10.0
RSI2<20 | exit RSI2>50 | max hold 5,0.02910828624859607,-0.1242510483567757,0.43974901481315537,277,0.6750902527075813,0.002069633604641816,0.008947236808322039,-0.0122204974963382,-0.0550577481977748,1.5212449262738605,2.6389891696750905,0.209172027391575,14.474141630901288,RSI2<20,RSI2>50,5.0
RSI2<20 | exit first up close | max hold 5,0.02494007760195549,-0.12458635688262576,0.42498407598183063,327,0.6819571865443425,0.0014996433747975913,0.0067553767768968685,-0.009769861900857584,-0.043685805530521524,1.482629630772751,1.6758409785932722,0.18157294044407554,17.086802575107296,RSI2<20,first up close,5.0
2-day cum RSI2<50 | exit first up close | max hold -,0.021704071165546734,-0.1414516698943904,0.3996310154500129,245,0.7142857142857143,0.0017425989779359175,0.006989160203816207,-0.011373804086764798,-0.042874865193385944,1.5362406786901643,1.6693877551020408,0.13571280348620046,12.802038626609443,2-day cum RSI2<50,first up close,
2-day cum RSI2<50 | exit first up close | max hold 10,0.021704071165546734,-0.1414516698943904,0.3996310154500129,245,0.7142857142857143,0.0017425989779359175,0.006989160203816207,-0.011373804086764798,-0.042874865193385944,1.5362406786901643,1.6693877551020408,0.13571280348620046,12.802038626609443,2-day cum RSI2<50,first up close,10.0
2-day cum RSI2<50 | exit first up close | max hold 5,0.020542082393657735,-0.15073159440877315,0.3806904954710158,246,0.7154471544715447,0.0016507515762047716,0.00699201475657312,-0.01177871013443564,-0.043685805530521524,1.4925168049709392,1.6585365853658536,0.13571280348620046,12.854291845493563,2-day cum RSI2<50,first up close,5.0
