date,stop4.0x_target1.0x,stop4.0x_target2.0x,stop4.0x_target3.0x,stop5.0x_target1.0x,stop5.0x_target2.0x,stop5.0x_target3.0x,stop6.0x_target1.0x,stop6.0x_target2.0x,stop6.0x_target3.0x
2023-09-17,0.9951539583548017,0.9927658374859505,0.992166715301129,0.9951539583548017,0.9927658374859505,0.992166715301129,0.9951539583548017,0.9927658374859505,0.992166715301129
2023-09-24,0.9700205435732326,0.9647065099534748,0.9646992946909613,0.9700205435732326,0.9647065099534748,0.9646992946909613,0.9700205435732326,0.9647065099534748,0.9646992946909613
2023-10-01,0.9740632134747292,0.9649126529329177,0.9649229690688904,0.9727591519166976,0.9637646582761865,0.9638095081375516,0.9724020674949511,0.9635137235982042,0.963578276507855
2023-10-08,0.9657046345548786,0.9637544374256793,0.9625662652117905,0.964528563951595,0.9628147943131222,0.9616801754602073,0.9649951540864651,0.9632927620264707,0.9621124196385468
2023-10-15,0.9748004654780474,0.9663614843928361,0.9688287528819514,0.9736133176375027,0.9664276687445957,0.9689488178251752,0.974084302516713,0.9669074299880612,0.9693843290234936
2023-10-22,0.9537451307676044,0.9450889264202427,0.9485715121417005,0.9525836248876646,0.9453122096549036,0.9488506919638879,0.9530444366651719,0.9457814886044149,0.9492771697037645
2023-10-29,0.9344530541305981,0.9260494101110508,0.9307284391376647,0.933315042850764,0.9262681951395968,0.9310023674570556,0.9327600617911795,0.9258672190327081,0.930631263780098
2023-11-05,0.9675785344035499,0.9630817834699239,0.9700262651974216,0.9668273120843965,0.9637205430880907,0.9707259742154385,0.9689367735828158,0.9657693127419117,0.9728230057428091
2023-11-12,0.974255998279041,0.9774176697629621,0.9828479192093591,0.9734995916159609,0.9780659375925933,0.9835568768706962,0.9756236109538231,0.9801452040633014,0.9856816266296866
2023-11-19,0.9731086434913904,0.983718098240037,0.9866987520856219,0.9723531276278616,0.9843705448002366,0.9874104874681271,0.9744746455659269,0.9864632142102291,0.9895435620717511
2023-11-26,0.9833477906087877,0.9934730658448704,0.9964832771233795,0.982584325131279,0.9941319823430228,0.9972020703770491,0.9847281658946788,0.9962454035541041,0.9993562974568696
2023-12-03,0.9850156456786612,0.9981805316767374,1.001793023073057,0.9829552897175423,0.9976165140705682,1.0012850814795258,0.983331171498309,0.9980636042434845,1.0017681776629463
2023-12-10,0.9510398109776746,0.97625465387811,0.9800186263084255,0.9501916950880763,0.9767810303699385,0.9805308760934164,0.9505550480809901,0.9772187829468155,0.9810039588674719
2023-12-17,0.9756398772971406,0.9977311292847983,0.9993884954293133,0.9747698236222994,0.9982690854518035,0.9999108697272738,0.9751425752835127,0.9987164680800346,1.0003933028862817
2023-12-24,0.9914606309108376,1.0170892554093098,1.0202134400655432,0.9905764686441472,1.0176376490809942,1.0207466994356096,0.9909552647612385,1.0180937118927826,1.021239185385772
2023-12-31,0.9914176583731026,1.0166661696094483,1.0220925345539946,0.9905335344283538,1.0172143351619445,1.0226267761153396,0.9909123141274151,1.0176702082620643,1.0231201691576832
2024-01-07,0.973981448843243,0.9988730265196986,1.0045969528529106,0.9731128741175551,0.999411598374279,1.0051220495799391,0.9734849921618208,0.9998594930292182,1.005606997009003
2024-01-14,0.9859440680205535,1.0103774318550236,1.017778093919329,0.9847907903604908,1.0106785072831668,1.0180841495352908,0.9851673740361021,1.0111314512974356,1.0185753508685957
2024-01-21,0.9844651820936832,1.010195093725506,1.0187046176489747,0.9836581860696644,1.010837626885593,1.0193518047224972,0.9840343366377658,1.0112906422106407,1.0198436176692118
2024-01-28,0.9899474371218833,1.0187991481317304,1.0236755275823486,0.9891359471268323,1.0194471538884493,1.0243258726946165,0.9897471581289085,1.0201335237593834,1.0250401642150828
2024-02-04,1.0037963602398854,1.030696136677772,1.0332561904245146,1.0030733551378974,1.0314627506299192,1.0340444825468633,1.0034601315448202,1.031962445096802,1.0345772671749751
2024-02-11,1.01418902980226,1.0396432193362841,1.0433529684770801,1.0124275877803668,1.0395315505651839,1.0432632256254066,1.013224810126114,1.040302062843549,1.0440420031626383
2024-02-18,1.0240888703331115,1.0460553014136849,1.0523391437795533,1.0226177753654855,1.0462497250769118,1.0525334528487287,1.0234230218359681,1.0470252169405014,1.0533191504465442
2024-02-25,1.0353097442575556,1.0541747657124927,1.0597528199659314,1.0332407392319594,1.0543386659651552,1.0599151526097677,1.0335249353157814,1.054668518291588,1.0602737094494366
2024-03-03,1.0450112356979455,1.0667039432700498,1.0722501567845826,1.0429228428179826,1.0668697915254857,1.0724144037670158,1.0432097019945554,1.067203564243964,1.0727771889564564
2024-03-10,1.0560534955445056,1.0674195036926224,1.071001450390421,1.053812647176428,1.0674996755990926,1.0710693462407401,1.054207577040076,1.0679325494855192,1.071530948076065
2024-03-17,1.0466525536933609,1.0594151082316894,1.064116400932504,1.0444316532590712,1.0594946789428077,1.0641838603069553,1.0448230674744126,1.0599243067823334,1.0646424946846127
2024-03-24,1.0704100329020219,1.0879363725083966,1.0931145249183323,1.0681387212823716,1.0880180853989716,1.093183822621093,1.0685390200268248,1.0884592795537746,1.0936549551958799
2024-03-31,1.077266149264962,1.0939898902359793,1.0998088947460234,1.075163982002376,1.0942104139378521,1.0999953413155823,1.0755669135537762,1.094654119097934,1.100469409470163
2024-04-07,1.067356147643468,1.083831859852133,1.0901916113495715,1.0654100540467282,1.0841539456476725,1.0904695687957677,1.065809330187987,1.084593572883787,1.0909395316007802
2024-04-14,1.0385037592258324,1.0502586528640945,1.0564111395521538,1.0363909611389757,1.0503981383324785,1.0565060822411827,1.0372419902010916,1.051267086724958,1.0574070043205874
2024-04-21,1.008770330617097,1.0195074012281677,1.0244273678071698,1.0061782924537406,1.019116474605166,1.0239938167374953,1.0071970130755268,1.020142447588666,1.0250490359824105
2024-04-28,1.0523094061746059,1.0629478529055503,1.0644091907004634,1.0494943760334583,1.06243039746836,1.0638500403947984,1.0505569526874492,1.0634999757862595,1.0649463312297422
2024-05-05,1.0546922940129375,1.0683527895463245,1.0687890855189586,1.0507279323125729,1.0667466107495946,1.067205864636529,1.052253116017735,1.068255283640159,1.068709360103968
2024-05-12,1.0797339320762003,1.0892058009787036,1.0901660011227923,1.076055831594467,1.087903394092604,1.0888831585003222,1.0777807967026063,1.0895868099170805,1.0905646667301083
2024-05-19,1.0930841260397524,1.0998999193003292,1.101442773668816,1.0893605482849706,1.098584725029761,1.100146661209962,1.0911068414426324,1.100284669087924,1.101845563108072
2024-05-26,1.083083925332362,1.0958736159517852,1.098285943373736,1.0793944131394255,1.0945632360929671,1.096993545685339,1.081124730141497,1.0962569573209127,1.0986875783836063
2024-06-02,1.0785861125887175,1.0873560645524079,1.0905311026534144,1.074911922140081,1.0860558694700435,1.08924783040114,1.0766350535107525,1.0877364264449172,1.0909299017756469
2024-06-09,1.0629339766985004,1.071062285003243,1.0740891175088432,1.058632644200611,1.0691840366645393,1.0722258426082136,1.0596481275001814,1.070240025252653,1.0732813516239912
2024-06-16,1.0618700531816354,1.063478400964718,1.0655640618211903,1.0575730260205767,1.0616134519623794,1.063715575751423,1.0585874928914814,1.0626619633989676,1.0647627071819596
2024-06-23,1.0694553705562349,1.067466595687283,1.0699630377552465,1.0696492125434252,1.070107070161263,1.0725483477709579,1.070638860490496,1.0711281431030617,1.0735687853214322
2024-06-30,1.0720169261394903,1.0653464977913214,1.0677230605748187,1.073088149871784,1.068607359789227,1.0708992398204962,1.0734521355191715,1.0690547812018294,1.0713628781959166
2024-07-07,1.075420147072676,1.069715151702382,1.0716467171670057,1.0764947715078326,1.0729893854789063,1.074834568200149,1.0768335183513134,1.0734063367575688,1.075270467205087
2024-07-14,1.1036248564848308,1.0959142614704154,1.0969341928621088,1.1047276647605107,1.0992686866978891,1.1001972671047566,1.1051629433186643,1.099706850488243,1.1006541639930776
2024-07-21,1.0519729265860611,1.047233157883261,1.0515252086604887,1.050279187155052,1.0480913514359123,1.0522309489833015,1.046041445288018,1.0498608100269364,1.0542569921132046
2024-07-28,1.0438327861097783,1.0380508952901473,1.045450237099532,1.0429790384534572,1.0388926103730665,1.0461410674283727,1.0397447635687622,1.0432861608187574,1.0507989644100055
2024-08-04,0.9929849895718399,0.9851295138917326,0.9912007632279685,0.9917577498447572,0.9853327397174833,0.9912420133881299,0.9875728896504828,0.9880468305928288,0.9942436776354815
2024-08-11,0.9922515605505192,0.9756754303638742,0.9795261498851033,0.995138591137588,0.9850608671695624,0.9879284095529587,0.999159725602509,0.9951967497855818,0.9975909969879269
2024-08-18,1.0166390576913416,1.0002817014828904,1.0036157015890117,1.0201548379309875,1.0107074855631593,1.0130056192448387,1.0242770575041131,1.0211072616320593,1.022913478228767
2024-08-25,1.0429709443568302,1.0281982734257835,1.0323318615579562,1.0465777865383825,1.0389150276906578,1.0419904501573258,1.0508067753899344,1.0496050480941155,1.0521817997872074
2024-09-01,1.0537494422850897,1.036543062197906,1.0399518456912151,1.0573935590821928,1.047346792927315,1.0496817275390233,1.061666252073176,1.0581235728250669,1.0599483029033496
2024-09-08,1.0203872757609151,1.004917343858824,1.0048840464195106,1.024276211248378,1.0157050020121179,1.014589249221228,1.0284150843775381,1.02615620052788,1.0245125971443994
2024-09-15,1.0622948578812639,1.0469265436666388,1.0495869575618175,1.0663435130037842,1.0581651651649178,1.0597239025332001,1.070652370774723,1.0690532617891293,1.0700886969516406
2024-09-22,1.0756085823254276,1.060945799081991,1.0640616130145646,1.0797079791777706,1.0723349154800834,1.0743383546790626,1.0840708397941583,1.0833688131717005,1.0848460880192994
2024-09-29,1.0761446875280163,1.0592205408124062,1.0612951575820795,1.08024612760316,1.070591136785359,1.0715451807300385,1.0846111627580493,1.0816070916911573,1.0820255949981217
2024-10-06,1.0696919676352032,1.0518868998634896,1.0534507133343283,1.073686360970833,1.0631038681697504,1.0635492234653547,1.0779093920728071,1.0739322467923913,1.0738447642809628
2024-10-13,1.0777845709396372,1.0611469950151737,1.0632448068746938,1.0819073466733278,1.0725513773019624,1.0735248826795656,1.0861627126168092,1.0834759847212312,1.0839169914812492
2024-10-20,1.096626144318153,1.0829285527145274,1.0858260963538762,1.1008209934360835,1.0945670262365288,1.0963245013394942,1.1051507506742992,1.1057158768265962,1.1069373186888545
2024-10-27,1.0773318059782526,1.0622124699329254,1.0648791454369337,1.0819631689052054,1.073487387638676,1.075045115703344,1.086434003500367,1.0846572061690325,1.0856865540141594
2024-11-03,1.0729102217804243,1.054355297543379,1.0546958423809203,1.078319058657368,1.065970207238999,1.065213222987137,1.0825996176022288,1.0771078606777182,1.0758124003120633
2024-11-10,1.1348997854923548,1.1214340500612765,1.121203046582526,1.1417414120374698,1.135208368357374,1.133481675389004,1.1462508277937535,1.1470322079250788,1.1446881015683976
2024-11-17,1.1131354639578221,1.0972340766942248,1.0972189719585346,1.1206943945086827,1.110810225294742,1.1093797306107087,1.1247018641671358,1.1225523628661842,1.1199835327973742
2024-11-24,1.157058210939284,1.1442067870746528,1.1474141640521487,1.1646471841790282,1.158173451252111,1.159934723274881,1.1691590771247609,1.1707023315461487,1.171276579630652
2024-12-01,1.156211321446116,1.1510447230727008,1.1559853450447293,1.1638817044048344,1.1651663294355543,1.168656554779403,1.168587739253934,1.1778112141242283,1.180105673693913
2024-12-08,1.1596382136955503,1.1552702923117883,1.1592801671420798,1.1674752516658677,1.1695642798970356,1.172101517952204,1.1721958166502706,1.1822568930301787,1.183584386553789
2024-12-15,1.1235792775355025,1.1179404684440244,1.1230385531590195,1.1309971751297594,1.131612711913489,1.1353043046490678,1.135703919648303,1.1440208986368123,1.1465475008139123
2024-12-22,1.1007241592347445,1.0890150371739296,1.0933564612923845,1.1074149141052927,1.10184798181218,1.1048123836518517,1.1117820124143336,1.1137341277704014,1.1155537649229632
2024-12-29,1.103528095344779,1.0896815346860595,1.0940461455174202,1.1103740864805107,1.1026387323369438,1.1056194737331144,1.1147528543061087,1.1145334084883578,1.1163687018227546
2025-01-05,1.1048186278192842,1.0895393089248386,1.094071716304442,1.1116726250709617,1.1024948153960155,1.1056453150197967,1.1160565136923972,1.114387939048542,1.1163947943476715
2025-01-12,1.080762990723633,1.0704948125685854,1.0702590023399638,1.0874677532806833,1.0832238645247552,1.0815806991080867,1.0917561898242034,1.094909103479401,1.0920962136302848
2025-01-19,1.1140238623102752,1.1141097981114785,1.1065437333784531,1.1209349663578678,1.1273574676363884,1.1182492668825743,1.1195771392446938,1.1298177978892094,1.119839761010248
2025-01-26,1.168531603786212,1.1677810761497107,1.1615145264673485,1.1757808591835957,1.1816669407211369,1.1738015665498729,1.1743565953523603,1.1842457952606027,1.1755900469940008
2025-02-02,1.1755142528343534,1.1697248855233366,1.1628044204257257,1.1828068267060827,1.1821961020080705,1.1737517676069762,1.1856954833531297,1.1873540881993847,1.1773786955199428
2025-02-09,1.2230385646364808,1.2007038450072627,1.188597898929917,1.2306259665408645,1.2135053488227843,1.1997880815865383,1.2336314073263024,1.2187999389687696,1.2066570629584497
2025-02-16,1.2140285684642786,1.20581689134764,1.1909707731867887,1.2207582487793944,1.2186729087574233,1.2021832955231109,1.2237395905760038,1.2239900452497725,1.2105817522363844
2025-02-23,1.1649290355638922,1.1578720511095146,1.1378192279846902,1.171342512866183,1.1701829315355203,1.1484989956120604,1.1742031713096097,1.1752885036076324,1.1565224136181216
2025-03-02,1.143177296986201,1.1423256391373822,1.124443194551569,1.1516331524455683,1.1563634489903385,1.1368041113655583,1.1544456765920814,1.1614087259049732,1.144745828869311
2025-03-09,1.0892154777877487,1.0883783206254596,1.0728956688868394,1.0967498002752818,1.1013023388540872,1.084215579830124,1.0996695362010716,1.1063284001374007,1.0920004933215461
2025-03-16,1.0791965669329908,1.0774961762370665,1.0599975098314993,1.0885543216910352,1.092022589313103,1.0728484093151798,1.0914522398483186,1.0970063002006705,1.0805517039470802
2025-03-23,1.0916954227706028,1.0891194631378807,1.0700353843423633,1.1005761421276774,1.1034397395534992,1.0826404629488968,1.1035060644312242,1.1084755553851535,1.09041406674427
2025-03-30,1.0952539241538022,1.0942566391873587,1.0761830817449616,1.1038660149116166,1.1094056171919164,1.0896756008422173,1.1068046954203221,1.1144686597582847,1.0974997185214697
2025-04-06,1.0329150240890927,1.0189825664005878,1.0018376080632523,1.0375928872726614,1.0307196975316573,1.0121522435905002,1.039593094856431,1.034906140598893,1.0189280215697112
2025-04-13,1.0541021733169627,1.0644136921310838,1.046974285115921,1.0393142310813748,1.0785803127039821,1.0596263292731132,1.0539162785229266,1.0829716444609012,1.0667302562762246
2025-04-20,1.072999230297074,1.0869219026644232,1.0724210323017236,1.0579461822737186,1.101388092174435,1.0853805848415272,1.0728100029375578,1.1058722835219787,1.0926571730427643
2025-04-27,1.078060603971738,1.0890475199913707,1.073794751406311,1.0629365502115309,1.1035420000188538,1.0867709045016567,1.0778704840203646,1.1080349607865392,1.0940568136579356
2025-05-04,1.0886040977161981,1.1038393697769175,1.089733913461083,1.073332129853923,1.1185307192406284,1.1029026815852907,1.088412118380936,1.1230847050779715,1.1102967410995463
2025-05-11,1.0972567576598697,1.111015613058518,1.0973180289206979,1.0818634021003954,1.1258024734278673,1.110578446443608,1.097063252396212,1.130386065484344,1.1180239656769555
2025-05-18,1.0932379436333566,1.1105790318947117,1.0969554005565958,1.0779009677979579,1.1253600816664122,1.1102114359374227,1.0930451471023288,1.1299418725691242,1.117654494665804
2025-05-25,1.1219356305071313,1.1263191292711379,1.1141151156248656,1.1061960563785809,1.1413096690080282,1.1275785156715254,1.121737773033506,1.1459563970587467,1.1351380064507912
2025-06-01,1.11743511942989,1.1187321452126997,1.1071232020839405,1.1017586827272228,1.1336217073642367,1.1205021091300362,1.1172380556379409,1.1382371346488325,1.1280141583970191
2025-06-08,1.1262783735657083,1.125876002583552,1.1143756441403234,1.1104778753302549,1.1414868823103024,1.1284612782273085,1.126079750233377,1.1461343318672386,1.136026687206777
2025-06-15,1.1179903841582612,1.11642806748387,1.1057732097325774,1.101843908497433,1.131456001420058,1.1193030929359167,1.1174828126756304,1.136204308876145,1.1269427794609248
2025-06-22,1.1231491509137834,1.1204902655782547,1.109890304489168,1.106928170227654,1.1355728796558477,1.123470563131796,1.1229927200656669,1.1406684969980379,1.1314673671177218
2025-06-29,1.1545303714529251,1.154885742757975,1.1462269093201336,1.1371187325906325,1.1698938241796748,1.1597664767751705,1.1536214299135161,1.1751434487223262,1.168021633152713
2025-07-06,1.1760431681997316,1.1782351830523754,1.1676570519829559,1.1583070917504035,1.1937112331528075,1.1816154394532343,1.1751172900122488,1.199067732740103,1.1900261155903198
2025-07-13,1.1630881070446741,1.162046333400193,1.1516283462970867,1.145475071949658,1.1772482267650883,1.165321966836576,1.162099042570762,1.1825308524669143,1.1736166668982384
2025-07-20,1.1753074731626354,1.1775884816849918,1.1661958091760596,1.1575110635006198,1.1929821098948843,1.1800527592803405,1.1743097092192785,1.198335337712323,1.188452312342692
2025-07-27,1.1887168366856677,1.1880677033832043,1.1786648056149764,1.169929981424004,1.2025328679982685,1.1916779608976713,1.18724572370745,1.2084407174765996,1.2006266304676756
2025-08-03,1.1581428457793885,1.1565294431365056,1.146334791461431,1.140165547177341,1.171129407399496,1.159338049959051,1.158616310655922,1.1782712190649354,1.1694802801186963
2025-08-10,1.1753441191465082,1.1773129712172448,1.169176487279892,1.1560711897197278,1.1908218647067992,1.1811204880008344,1.174721902933584,1.1976561749292172,1.1909571939003576
2025-08-17,1.1946843683276647,1.1930645366280723,1.1858805452472942,1.175918203418908,1.2070037202420412,1.1982084303562024,1.1966724129092356,1.2164465468640757,1.210547529404733
2025-08-24,1.2137780116663384,1.2142622025260994,1.206837933064039,1.1945838407687106,1.2284793465568133,1.219415044741853,1.2154662905407227,1.237991883175514,1.2318634280328253
2025-08-31,1.2206528857832892,1.2228903211792885,1.2126232382185214,1.202078279774279,1.237917839102647,1.225954550595092,1.2261004766727492,1.2493215062345837,1.2401293959710757
2025-09-07,1.2217249927641176,1.2262109578112346,1.2162194034089353,1.2043713791501212,1.24225200342691,1.2305107469261078,1.229196943965003,1.2547132790632383,1.2457160086725285
2025-09-14,1.2467834774918647,1.253550780228228,1.2431594992486954,1.2290739284060614,1.2699494799129047,1.2577674058489368,1.2544086839475437,1.2826885944160415,1.2733094745954505
2025-09-21,1.2605312262236676,1.2704587819173971,1.2572276512384097,1.242609713736481,1.287055621748546,1.2719720309458993,1.2682234808202981,1.2999663313450294,1.2876896244029032
2025-09-28,1.2599417651746487,1.270880724568303,1.2589331896096996,1.2423369093408536,1.2877552041617817,1.273950960773696,1.2679450531399241,1.3006729314078704,1.2896930076099855
2025-10-05,1.2740237406080068,1.28353567909804,1.2715860961623877,1.2559483611195223,1.3003553449794947,1.2865324694489277,1.2816149295059516,1.3132294552017971,1.302265291646404
2025-10-12,1.2347172117916674,1.2352163752068084,1.2263951590580884,1.217148688047888,1.2513537825072918,1.2407628534777702,1.2420223460782127,1.2637427549410907,1.2559359655651474
2025-10-19,1.2775229438752365,1.271334487378462,1.259486541102855,1.258357275897856,1.2870372618236254,1.273348656801149,1.2843408457617278,1.300023732816092,1.289166422717146
2025-10-26,1.3002327481719531,1.2926848693723219,1.2791381515101379,1.2806926424431357,1.3086107451815419,1.2931690950457544,1.3071374108618061,1.3218148970634,1.309233074008611
2025-11-02,1.2938050688980125,1.2839182188537435,1.2708596382835944,1.2740348667147583,1.3003870515713558,1.2854218997480382,1.3000087215841791,1.3132277496759666,1.3011422882289319
2025-11-09,1.2928168885638363,1.28349601356203,1.266552112492515,1.2730516052666963,1.3004100887856624,1.2814898857946937,1.299354989196539,1.3135565957397612,1.2974551610021694
2025-11-16,1.2629629404110188,1.2636138792861202,1.2452210762560125,1.243954692059757,1.2799856487764245,1.2596371760995053,1.2696568849019103,1.2929256746789455,1.2753302021630901
2025-11-23,1.232599235543036,1.2244304237200667,1.2052872939881363,1.2134276516655942,1.239651429931791,1.218544961533956,1.2377268481708463,1.2514026991230505,1.232956560196182
2025-11-30,1.2989104455871274,1.2894005947475313,1.2734744159179814,1.2787074713853073,1.3054292510777337,1.2874821139320234,1.3043139128383894,1.3178040607775887,1.3027090247941595
2025-12-07,1.3197843684508184,1.3089981956578276,1.2898329545572418,1.2992567257342917,1.3252704715513894,1.3040205898093984,1.3252746712179413,1.3378333659960677,1.3194430994260764
2025-12-14,1.3210760608999434,1.3099086669238804,1.2937194048520941,1.3005283274763824,1.3261922609687458,1.3079497894688208,1.3265717371074537,1.3387638935113437,1.3234187693023092
2025-12-21,1.3216073039291043,1.303618944658087,1.2890677768823868,1.3010513076655228,1.3198243505921192,1.3032469954929033,1.327105190107533,1.3323356185618906,1.3186603558937802
2025-12-28,1.3364219430274138,1.3179385689059784,1.3022254528970922,1.3156355230479178,1.3343219833943587,1.3165494005652771,1.3419814581021832,1.3469706815978084,1.3321200870634233
2026-01-04,1.3284510621979502,1.3106302940608563,1.2949656421223836,1.3077886195875719,1.326922858718442,1.3092097348396563,1.3339774184097106,1.3395014169585546,1.3246936159099425
2026-01-11,1.3773347601770296,1.352222951738588,1.3336657741966162,1.3559119910233424,1.3690325585151955,1.3483355525471636,1.3830644725647665,1.3820102954324158,1.364282170405941
2026-01-18,1.3943886897248294,1.3787456337052049,1.3593790123473248,1.3727006674123394,1.395884946359047,1.3743316258066705,1.400189346456828,1.409117230345195,1.3905856963950856
2026-01-25,1.410733391697255,1.395332952698468,1.373810508315137,1.3887911473994026,1.4126784638267529,1.3889218623309327,1.4166020423869123,1.4260699418731553,1.4053484900590614
2026-02-01,1.409298216473987,1.3915356216383532,1.3685829999243724,1.3873782945834328,1.408833927798079,1.3836368534847303,1.415160896834939,1.4221889615854766,1.4000009759883314
2026-02-08,1.4273697144511117,1.4038701552544632,1.385149699640388,1.4032956791873654,1.4198842271896115,1.3989758846404328,1.4310847874743755,1.4332809155355917,1.4153301025673817
2026-02-15,1.441010392592327,1.4129096657776445,1.3943981665482912,1.4160654893929856,1.4289872587927959,1.408281891766015,1.4434979221209359,1.4418904808770086,1.4242073689921904
2026-02-22,1.4745826777869369,1.4455894644717953,1.428639530411255,1.4491110976147175,1.462130972013332,1.4429484408025355,1.477183699481233,1.4753334694687898,1.4592659427649655
2026-03-01,1.4644167808935442,1.4372630490798746,1.4206004905067124,1.4391208039354704,1.4537092795967896,1.4348288838052086,1.4669998709257097,1.466835732310136,1.451054566210202
2026-03-08,1.390386995488846,1.3590389787222104,1.339601196026258,1.3680038571337478,1.3757750075093558,1.3543032602624652,1.3959171487150246,1.3898445665780756,1.371155931051148
2026-03-15,1.3922973609527145,1.3528494466770247,1.3323613140688608,1.3708796147485063,1.370537234951838,1.3480047416346337,1.3985296842574066,1.3842682396794064,1.3645035524402345
2026-03-22,1.3557296878545093,1.319876171865954,1.2991984342608045,1.3352835572784338,1.337682242953954,1.31498192507703,1.3623181810014087,1.3510840832933229,1.331076555403272
2026-03-29,1.384077116006094,1.3411574539184081,1.3213124731632666,1.3624630510002884,1.358545959060486,1.3366681640911497,1.3899496479355145,1.3721568267631306,1.3530282216399585
2026-04-05,1.44449434440584,1.390916564036963,1.3682266992425267,1.4219367901341537,1.4089502108360725,1.3841276059088712,1.4506232219526842,1.423066063738513,1.4010685400134557
2026-04-12,1.4419682991541032,1.3930315025709683,1.3760221445783438,1.4175708372839162,1.4106833542189414,1.3916304674066555,1.4452835604457064,1.424371624234935,1.4082166892059829
2026-04-19,1.3968623538428508,1.3531301850594017,1.3387260088048845,1.3732280644928194,1.3702764256454767,1.3539112787559626,1.3990925169355164,1.3835726155060075,1.3700479423976442
2026-04-26,1.428367081048314,1.3746397469109228,1.3607380690037962,1.404199745735222,1.3920585467277942,1.3761730234116651,1.4306475430696213,1.4055660948311255,1.3925750148419709
2026-05-03,1.4783909931030552,1.4231467280186745,1.4090108786653137,1.4533772754612608,1.441180185890891,1.4249933951890945,1.4807513208907412,1.4551643755158519,1.4419772548190342
2026-05-10,1.4728132963258607,1.4369881919469278,1.4300993045484443,1.4478886389959047,1.4548569449364734,1.4461806095777359,1.47515930714924,1.468973844123931,1.463416990150117
2026-05-17,1.4818175374349158,1.4433591038839944,1.4350009145721363,1.4565972806585856,1.4618270795336064,1.4516579334002444,1.488271643640432,1.4760116119600386,1.4689595957481505
2026-05-24,1.5122655329290504,1.4744659210907738,1.469068109959301,1.4865270569757383,1.4933319126888533,1.4861205695911206,1.5188522564047093,1.5078221456552034,1.5038329767028409
2026-05-31,1.5142527714869025,1.4738565132187669,1.4737501082701427,1.4884804731057686,1.4927147073604055,1.490856914999044,1.5208481504470486,1.507198951404319,1.5086257724956145
2026-06-07,1.523189427797194,1.467237057999103,1.4662048917312835,1.4968362640647395,1.4856097638997543,1.4828320461545303,1.52853179813371,1.4992394593096716,1.4997338505281428
2026-06-14,1.5509713336069806,1.494742366122548,1.4954682931082801,1.524452357895317,1.5136934196728877,1.5126546196990711,1.556732663234114,1.5275807679897029,1.5298963515144157
2026-06-21,1.5430408290450017,1.4790824838755088,1.4812608292187235,1.5166574514925713,1.4978349940020572,1.4982838797871756,1.548772699551969,1.5115768495274093,1.5153618092114638
2026-06-28,1.5275439829593447,1.4746914378288356,1.4759844876524093,1.5020096524198492,1.4938622808802393,1.4934153720937737,1.533814733077714,1.50756768883294,1.5104378086759436
2026-07-05,1.519716913824592,1.4656686500890408,1.4674384586405582,1.4943134200876185,1.4847221977909169,1.484768417330071,1.5259555328912529,1.4983437502443093,1.5016922930953076
2026-07-12,1.5460796927779843,1.4890178278644313,1.4875650486142757,1.5202355204620337,1.5083749125714252,1.5051326956175655,1.552426534194435,1.5222134663571394,1.522288690083445
2026-07-19,1.5150668315265996,1.458700898662384,1.4583051071265782,1.4897410682770997,1.4776638662838482,1.475527203981408,1.5212863614511831,1.4912206622238673,1.4923457453761073
2026-07-26,1.5137127412330187,1.4543831589439915,1.4498507425492646,1.4884096128729376,1.4732899963755364,1.4669729961786366,1.5199267124555527,1.486806664338437,1.4836940339165812
2026-08-02,1.5149895291521722,1.4521296970470388,1.449348162855991,1.489022946856084,1.4713013739500147,1.4666910914335496,1.5204810851108674,1.4847997973384626,1.4834089159290602
2026-08-09,1.5390838815363428,1.4738881201366698,1.4695614472972207,1.5124102019514176,1.4931936605235967,1.4870006801742792,1.5440008695810605,1.5066229636368234,1.5036856937394456
2026-08-16,1.5503448724550901,1.4844718819440945,1.482086949466345,1.5234760299767198,1.5039160524198507,1.499674822027461,1.5549640772705815,1.5171154885613207,1.5161642058195741
2026-08-23,1.5398772097386977,1.4718086191763153,1.4695727408470374,1.5131897810771116,1.4910869214783251,1.4870121077442455,1.544465226475404,1.504173760048713,1.503362261116138
2026-08-30,1.5351311787898112,1.467508129808959,1.4642370803229474,1.5085260030257759,1.4867301026853965,1.4816131291284864,1.5397050548734261,1.4997787027175729,1.4979039190776071
2026-09-06,1.5499607180835941,1.4763647156079258,1.4728638100164824,1.5234891871539846,1.4957026953728754,1.4903422319132387,1.5549775063876816,1.5088300452554917,1.5067290010198835
2026-09-13,1.5256439515120137,1.4508069008123425,1.4475453806927767,1.4995877227451606,1.4698101147161684,1.464723349698727,1.5305820332600533,1.4827102129085283,1.4808284313522289
