symbol,signal_date,close,sma20,sma50,sma200,natr50,pgo20,pgo50,rsi7_prior_day,advol30_millions,atr1,atr20
FROG,2026-09-21,92.0,92.30350000000001,88.7889,67.205975,5.480907946380885,-0.056325898483805335,0.6368153089053852,53.54199757355761,182.14500517166667,3.4949999999999903,5.388285108088872
EGO,2026-09-21,42.37,43.878,38.2882,36.6451,4.466271807786038,-0.7700646146373978,2.1569898802432546,54.45090064983842,127.41260664233333,1.4499999999999957,1.9582772293855863
AU,2026-09-21,101.93,108.7875,96.43279999999999,96.21289999999999,4.325594154608939,-1.637919844191143,1.246791244824816,44.624637213466926,298.0419055886667,3.0600000000000023,4.186712814012239
KYMR,2026-09-21,117.67,118.23249999999999,114.363,91.60719999999999,4.15126760202253,-0.11503753408614409,0.6769985076958872,54.49671495730812,86.12268823533334,2.9200000000000017,4.8897084283705725
SNOW,2026-09-21,339.39,329.2625,311.93600000000004,223.1079,4.107728491070093,0.6598841908700442,1.9692681515598358,51.907485557816294,1626.2455331423332,10.399999999999977,15.347389951329323
SKM,2026-09-21,35.7,37.6265,35.641200000000005,31.93355,4.033187614762857,-1.517969011087373,0.04083764458416344,38.57740869729344,61.98199132766666,0.7999999999999972,1.2691299927262545
SN,2026-09-21,167.5,175.26450000000003,170.43419999999998,131.91649999999998,3.603464193968787,-1.1897026876474182,-0.4861325379510653,38.82644227441114,343.182833126,3.7900000000000205,6.526420491958343
FLS,2026-09-21,74.67,76.4965,75.6126,76.25110000000001,3.6023518130404666,-0.7316097056469201,-0.3504250624857589,45.05073487431559,119.88523189266667,1.240000000000009,2.4965497120967357
CNH,2026-09-21,13.48,13.030000000000001,11.6184,10.9538,3.588365783237101,0.848433357382037,3.848573377130271,53.788780928359486,277.66385080333333,0.3049999999999997,0.5303893300335797
NEM,2026-09-21,123.05,126.992,113.105,110.36435,3.50636733878805,-0.9244562899232924,2.30497254685616,44.594422965619245,1011.7445459663334,3.200000000000003,4.2641280533956865
THC,2026-09-21,260.97,265.466,250.50879999999998,211.08755000000002,3.230831439644355,-0.5389714019327098,1.2407281026439265,45.465691155066864,212.61247124866668,5.560000000000002,8.341815509835351
CRL,2026-09-21,279.01,284.5965,264.4164,205.44165,3.2195854172473948,-0.6130422532406611,1.6245860422518816,47.0473091077423,261.46503497099997,5.75,9.112748706094353
RGLD,2026-09-21,250.11,257.8375,230.98590000000002,239.55882499999998,3.135480683798067,-1.0184107581684039,2.438629482946418,43.691747850900214,177.25226514433334,4.0,7.5878027976626585
FNV,2026-09-21,261.68,264.8145,239.70080000000002,235.89345,3.0975236716129744,-0.39376559146926005,2.711606809142316,56.2860948704893,206.64361585733334,5.21999999999997,7.960319712812446
BBY,2026-09-21,93.22,88.55749999999999,86.68959999999998,72.22224999999999,3.0636392588002668,1.5236417079242364,2.2866150561770717,59.76249345756154,342.7326394996666,1.7600000000000051,3.0601026315773794
MT,2026-09-21,72.54,74.5495,71.91940000000001,60.996700000000004,2.9330593746775224,-0.9581178284063476,0.29168450933738727,39.27486205558423,94.26395051866669,1.4200000000000017,2.097341204204937
ABNB,2026-09-21,166.84,177.31525000000002,167.37260000000003,142.048425,2.910405617293284,-2.153186122030643,-0.10968505591805192,27.206915579794483,876.0861584508334,3.269900000000007,4.864999775365884
JXN,2026-09-21,131.87,135.38049999999998,130.3354,114.6018,2.8918614589702702,-0.8429027394361485,0.4024127240480654,40.447018435882406,99.98807914033334,2.6599999999999966,4.164774695534023
JAN,2026-09-21,30.11,30.826999999999998,30.507399999999997,24.9306,2.74985878214065,-0.8150408003011996,-0.4799618469399824,41.16866737510484,58.84337897066666,0.5799999999999983,0.8797105614038343
MTCH,2026-09-21,43.16,42.306,40.117,35.179050000000004,2.7253124935890374,0.6982315450934374,2.5870463470952707,57.895642833580396,135.17158920100002,0.8950000000000031,1.223089970656821
SOLV,2026-09-21,88.84,90.182,86.3248,77.6975,2.6303349357858505,-0.5724593318970524,1.0763485280551135,46.87264771863197,89.27122059533333,1.2149999999999892,2.344271331122847
TGT,2026-09-21,157.71,160.9125,152.1646,125.98365,2.604232147977314,-0.770748986338336,1.3501870883994354,48.90848122985491,702.0841133726666,1.9318000000000097,4.155049253083524
IFF,2026-09-21,83.6,85.39399999999999,82.3834,75.47025,2.5846903002990333,-0.9392153348630066,0.5630319260014909,33.69919103830891,129.19412828466668,1.3200000000000074,1.9101050988074728
TRGP,2026-09-21,289.36,290.544,281.7952,243.83495000000002,2.5774445394337415,-0.15621413725104422,1.014307474211513,59.13006020005512,350.5579907863333,4.694999999999993,7.579339622106159
DE,2026-09-21,684.73,669.2535,632.063,578.3427499999999,2.5534863171470397,0.8890707355249569,3.012213079143495,59.65726036540681,856.9122685383333,11.427999999999997,17.407501317498433
PM,2026-09-21,187.48,189.5735,189.3596,176.11475000000002,2.527322318027308,-0.45688893570014755,-0.3966887270153762,44.64104777851246,802.4126481136667,2.780000000000001,4.582076378785309
PBR.A,2026-09-21,18.74,18.1805,17.1048,15.932150000000002,2.4765987224377897,1.1480447399871216,3.523267740207792,55.0081922573024,133.2887675373333,0.25,0.48735034490578844
NWS,2026-09-21,32.86,33.958999999999996,32.941,30.071975000000002,2.455303446970639,-1.4168416389013296,-0.10039504674076256,32.89296257366293,41.081702279999995,0.3500000000000014,0.7756689031614014
RIO,2026-09-21,97.04,101.3835,98.16279999999999,94.71795,2.425295724680766,-1.9111397085999737,-0.47707528115503245,36.66793967899124,200.442659729,1.6400000000000006,2.272727619260169
NWSA,2026-09-21,29.7,30.361,29.181400000000004,26.436775,2.3690875201923047,-0.9761144968682168,0.7370466186855749,41.28934415980751,116.39593639200001,0.35999999999999943,0.6771746574000955
LH,2026-09-21,320.99,326.3695,314.3382,278.26865000000004,2.310962122481359,-0.7017975170915683,0.8967158633817008,46.301360118233625,219.19550114566667,4.899999999999977,7.665316375432698
BDX,2026-09-21,180.7,184.51799999999997,175.36700000000002,161.68624486500002,2.299588569115129,-0.9185826547492203,1.2834037086898191,44.11877008478197,333.75678510333336,1.5500000000000114,4.156403324469832
VZ,2026-09-21,47.68,49.936,47.7786,46.15985,2.2498151287948116,-2.167594675364604,-0.091916575440665,29.102940535642063,925.8800046989999,0.7899999999999991,1.0407849888358514
MSI,2026-09-21,461.36,472.94450000000006,453.75120000000004,427.30475000000007,2.231239351000009,-1.1596530081595215,0.7391457252334243,34.428434951220126,453.034528235,6.490000000000009,9.989626136861181
VOD,2026-09-21,17.02,16.747,16.177599999999998,14.9454,1.9673292477475643,0.8371174072791416,2.5158326782400735,45.31016559348531,52.008861859,0.13999999999999702,0.3261191293194149
SEIC,2026-09-21,105.38,108.3865,104.98710000000001,89.991225,1.9610458044229488,-1.5013628790718785,0.19012362969118482,33.52438058124363,79.71844057566666,1.25,2.00251387716378
MET,2026-09-21,96.64,96.678,95.9458,83.02015,1.8832521421326476,-0.021384633163318345,0.38143383811673925,50.590393971005604,280.0663602363333,1.3012999999999977,1.7769769399261504
ROKU,2026-09-21,154.33,156.15275000000003,151.4643,120.994975,1.8717271970015232,-0.8347873234070895,0.9920597200539589,38.963128363741,345.847645341,1.4300000000000068,2.1834902721817415
V,2026-09-21,369.95,374.983,367.5,336.14305,1.7903103156541127,-0.8393665614652714,0.3699088643117011,38.98761240464879,2457.745414030667,4.810000000000002,5.996188353291048
