date,stop5_target5,stop5_target10,stop5_target15,stop10_target5,stop10_target10,stop10_target15,stop15_target5,stop15_target10,stop15_target15,stop20_target5,stop20_target10,stop20_target15
2023-09-17,0.9988662177548108,0.991363309181394,0.991363309181394,0.9996369851711031,0.992117829454509,0.992117829454509,0.9996369851711031,0.992117829454509,0.992117829454509,0.9996369851711031,0.9912566920782787,0.9912566920782787
2023-09-24,0.9732512149874699,0.9648468720900086,0.9648468720900086,0.9733028398125733,0.964976772587551,0.964976772587551,0.9725816101972546,0.9642753462345185,0.9642753462345185,0.9728294357258994,0.9636760686769071,0.9636760686769071
2023-10-01,0.972896544544888,0.9638760943760518,0.963595199744674,0.9728994532157323,0.9641820419283366,0.9639206049068196,0.9715770104166549,0.9628644690775918,0.9626081601931241,0.9710283384794997,0.9615006846401454,0.9612563886197572
2023-10-08,0.9677173230799099,0.9618269700022842,0.9611457403558654,0.9683307540507375,0.9624208160894053,0.9617911455964815,0.9677095429961616,0.961760970341193,0.961143779126767,0.9671630551070218,0.960398748880107,0.959794063954727
2023-10-15,0.9807191589604346,0.9714928784878217,0.97214226746714,0.975026493804638,0.9695024818072681,0.9702821315456507,0.9763357592302928,0.970657377601097,0.9713651488531916,0.975784399917971,0.9692825554239601,0.9700010800140955
2023-10-22,0.9631275320251749,0.9533398903710258,0.9533218290019096,0.9543608385764293,0.9493765306379244,0.9494733055347946,0.9548570433403638,0.9505238124588214,0.9505578112153226,0.9543178135540894,0.9491775071121349,0.9492229617083487
2023-10-29,0.9380143154709362,0.9266719246198055,0.9266543684849483,0.9306938899417252,0.9293710875099064,0.9291634096232996,0.9327645986003483,0.931380134708701,0.93112582011295,0.9316624667066621,0.9294870984974095,0.9292445626668603
2023-11-05,0.9722769756813482,0.9655043873091372,0.9654141248598576,0.9643012212832313,0.9670901105557497,0.9669639537901026,0.9709658560717368,0.9733196020240364,0.9731443605592675,0.9698185865041922,0.9713413235713104,0.9711782083649267
2023-11-12,0.982858962093751,0.9764597776030617,0.9761346617392631,0.9746140009439704,0.9798389563551871,0.9795655391011934,0.9813499110856294,0.9861505692569074,0.9858264896412545,0.9801903719720129,0.9841462117794174,0.9838347143256851
2023-11-19,0.9873907524439659,0.9811013671491595,0.9804264403572996,0.9783322446044042,0.9826444460491576,0.9821010715857834,0.9850938528738934,0.9889741304562342,0.9883782281302873,0.9839298900099983,0.9869640340721518,0.9863812972525703
2023-11-26,0.9964490852101554,0.9901020010309366,0.9894208824538505,0.9880338037908767,0.9923887668616228,0.9918400040656593,0.9948624630475781,0.9987812191149454,0.9981794075677536,0.9936869578322199,0.9967511897590652,0.9961626742730068
2023-12-03,1.0013601505880785,0.9947041569818345,0.9940198724542607,0.9933637305104221,0.9972958072244688,0.9967443309745854,0.9992298606542475,1.0025009158491993,1.0018968630139218,0.9980491950284257,1.0004633261853948,0.999872618928917
2023-12-10,0.9856559851094326,0.9832542478434831,0.9832037897194116,0.9681716736390449,0.976661091048664,0.9767103359978575,0.9736163835722043,0.9814860210083826,0.9814868233547465,0.9724659822060281,0.9794911442556951,0.97950381595146
2023-12-17,1.0077808960192562,1.0017322724312476,1.0014643586013234,0.9892674533376022,0.9942700996796306,0.9940505053494397,0.9948307996700694,0.9991820221837263,0.9989117927710167,0.9936553318673857,0.997151178192989,0.9968935797566796
2023-12-24,1.024433640149423,1.0200832397222663,1.0208975063007562,1.0059799538207386,1.0120356610359649,1.0128425775761283,1.0116372862920961,1.017035349490834,1.017795765423136,1.0104419603548362,1.0149682184956557,1.0157393990106263
2023-12-31,1.0243336328755384,1.0196303169360939,1.0209901521416347,1.0061980975502163,1.0118186277333276,1.0131611421742723,1.0118566567971172,1.0168172439938665,1.0181158879240884,1.0106610716570203,1.0147505562995365,1.0160588747323513
2024-01-07,1.0154381891337534,1.010588989102706,1.0118803199496305,0.9888489430943116,0.994239099531741,0.9955064533359249,0.9946334009203915,0.9989390182863341,1.000163238211698,0.9934581663592547,0.9969086682026066,0.9981424967624247
2024-01-14,1.032745411178067,1.031031835317877,1.0350485719225244,1.0050459886703398,1.0132669352519528,1.0171129375426082,1.008945829548046,1.0142470097793947,1.0174291618550193,1.009661034539804,1.0145251694349107,1.0152610587449176
2024-01-21,1.0362174625056284,1.0334942750114706,1.0380001798715168,1.0077326732833407,1.0159207052954677,1.0195495861854387,1.0128494074667305,1.017018552014841,1.0199898162724805,1.0137905795786746,1.0172316528658076,1.017740694882694
2024-01-28,1.0436575101316465,1.039836186504194,1.0445883766656194,1.0156753344489904,1.0231747670561167,1.0251997584793597,1.0228908437984041,1.0252728270465858,1.0266411909153006,1.0230744101947555,1.0241577030647313,1.0248144452922534
2024-02-04,1.0607417668238257,1.0535654002952497,1.0569053995037316,1.0311124459240726,1.0346018140972837,1.0355094547391641,1.0386451934284537,1.037079035420247,1.0371383325786496,1.0391375538830163,1.0357514906834535,1.0347782536524177
2024-02-11,1.065243391323853,1.0615677231901781,1.0642280216965896,1.0383449567310048,1.0439983274581122,1.0450509832204322,1.0489425726632242,1.046544208382629,1.0457222613731967,1.0483999106828907,1.0442975768597618,1.0434765193821918
2024-02-18,1.0724560781975636,1.0707508580194414,1.0730110866273035,1.0459932354574142,1.053428030542156,1.0539923239460798,1.056384070887163,1.05574928088712,1.054427558255874,1.055837559107738,1.05348288870255,1.0521631211949871
2024-02-25,1.0834901602831586,1.0792284464332964,1.0834790687733984,1.0567314787892674,1.0622632601498596,1.0646904249334372,1.0659902708168891,1.0634365956760943,1.0639573882957718,1.0654345375600471,1.0611547723919645,1.0616502437477096
2024-03-03,1.0933633543806205,1.0912503712684771,1.0943808668474886,1.0672336811344934,1.075144872966192,1.07692744289782,1.077685457763469,1.0773290989161013,1.0771789617281373,1.0771236274487934,1.0750174663913485,1.0748431467827484
2024-03-10,1.0976902191755964,1.093285220492302,1.0997870071429074,1.0713766289105675,1.0851920487055569,1.0869803040044699,1.0830670787511258,1.0784079197836,1.0782761583953624,1.0827273973379312,1.0764000252105919,1.0762441037050299
2024-03-17,1.0920784346406012,1.0882487934750762,1.095903870914544,1.0636879065987297,1.0779977370054337,1.0808989376373475,1.075435070697999,1.0707924493381715,1.0711203653273724,1.0750251022769344,1.068730905901782,1.069033948626999
2024-03-24,1.1176041977986588,1.1146907934691033,1.1211263149735184,1.0903210582597644,1.106610142210029,1.1082006650645764,1.1027837592367322,1.0996248263022674,1.0985843730733489,1.1023633651758833,1.0975077733247687,1.0964444597107186
2024-03-31,1.12626011512467,1.1240525695784993,1.1306782487510336,1.0987652813111026,1.1141842642811743,1.115940914108229,1.1115467869847735,1.1071511378271572,1.1062574569390378,1.1111230523553048,1.1050195948164745,1.1041025973100131
2024-04-07,1.1157837536143038,1.1120259839565005,1.1201505194804333,1.0899088788922442,1.103804389450247,1.1065247526151876,1.1033986097741635,1.0974548468191179,1.0975259976563587,1.102977981325102,1.095341971595173,1.0953881458847663
2024-04-14,1.0829592446442817,1.0793677113834477,1.087196658711339,1.0585528596902054,1.0709102804442827,1.0729708982506436,1.0716275739659638,1.06455261887101,1.0638869133363285,1.0712190570071642,1.0625030886698201,1.0618145865510797
2024-04-21,1.0539974001545573,1.048993167793136,1.0568023836363272,1.026811624612127,1.0376697909602886,1.040334296206933,1.039434535616529,1.0324645223142852,1.0319999000651199,1.0390016783354623,1.0297819283296394,1.0292953006602765
2024-04-28,1.0878991977567927,1.0892858573549458,1.0984240085675978,1.0631015127586851,1.0785861364981597,1.0823608765653787,1.076311514433467,1.0733408203393084,1.0738547646837806,1.0758633002749467,1.0705520197888907,1.0710404747238018
2024-05-05,1.0901447636428532,1.0951881810829687,1.1031564402347593,1.0660726236832272,1.0851722162953668,1.0874344029226073,1.078284103154179,1.0783026272085232,1.0779810191887753,1.077497041869959,1.0751786018640843,1.0748505435025675
2024-05-12,1.1132165802340457,1.1188050908855063,1.1261595307494567,1.089419885706307,1.1089065276589039,1.1098474933857558,1.1023762264447243,1.1023347518536335,1.1006248402502283,1.1019062268074387,1.0994687673635608,1.0977402183828049
2024-05-19,1.1301522112639133,1.1347810247708912,1.1406260053424786,1.1055983824133147,1.1244247723391674,1.1237882620386366,1.1160762754994573,1.1149230502625957,1.1116121807228643,1.1160620935905992,1.1124221038247808,1.109095339295194
2024-05-26,1.126786305490115,1.134510038615519,1.140827719300133,1.1028546720143755,1.1264022132624332,1.1261898126816479,1.1130490608257253,1.115065053733075,1.1121910725247102,1.1109431107662873,1.1105737212842852,1.1076926932433928
2024-06-02,1.1141528579938191,1.123622197653032,1.130600610874648,1.0937259979469993,1.1192012283944115,1.1196381998947507,1.1039702732672805,1.1060727675295452,1.103859070910401,1.102136713523193,1.101872748975548,1.0996488327315224
2024-06-09,1.0950203587629193,1.1047470164408029,1.111837429698185,1.0753720588421953,1.0994065783483373,1.1009684528587809,1.0867193094939387,1.0877231092582846,1.0862126300633344,1.0837602223908585,1.0823925246628547,1.0808703764169907
2024-06-16,1.0845861097266478,1.0893865724928178,1.0958801061671721,1.0699127109613769,1.0898506775364516,1.0909137253522865,1.0818390393770538,1.0788573668517807,1.0764256366429468,1.0788932410268615,1.0735702304367716,1.071131517772281
2024-06-23,1.0880544852037881,1.0916703094495726,1.0979878551859916,1.0762290605225364,1.0949992901722139,1.0969599679404698,1.0882589261543754,1.084000393225332,1.0824379899051098,1.0844998412858995,1.0779095431915495,1.076337406243312
2024-06-30,1.0908110876920645,1.0898208505366214,1.0962740229381123,1.0778495701206292,1.0931597352693148,1.0959558867758081,1.089295290729219,1.0818893538030774,1.080737585842132,1.0849546299691124,1.0752661464904123,1.074097790082525
2024-07-07,1.0947732218878523,1.0942928433780879,1.1006210971392227,1.0826018669054909,1.0983294208866028,1.1007057084243144,1.093427189939961,1.0869651050490967,1.0853846531278977,1.0890700642479656,1.08031082454706,1.0787163068875238
2024-07-14,1.1197802876196628,1.1181411403257209,1.125807095152083,1.1057066000966793,1.1214073817542363,1.1250310284367793,1.1170191455641747,1.1100391088644714,1.1096193428585752,1.1116888055397394,1.1024114661604922,1.101982846499445
2024-07-21,1.0816646723162815,1.0865057437616659,1.0853072367885033,1.0593190431398503,1.0804818120545345,1.0785023776133373,1.0704935491185354,1.0630312233379704,1.0582003896681074,1.0656662873727698,1.0594275063373704,1.0544255572659753
2024-07-28,1.0697824185416847,1.0782109258257464,1.079863878578748,1.0474469006060845,1.0724115984861258,1.0728656867912276,1.0617703084281218,1.0583712458842782,1.0558581058499197,1.056848750485452,1.0549127242441274,1.0522357891898857
2024-08-04,1.0358851732868493,1.0394156567708914,1.0422327936416829,1.0026194543647293,1.0238981658197999,1.0254786636630537,1.0115787111453665,1.0058354099906406,1.0046020730449348,1.0033264791736722,0.9990897891269281,0.997715804350653
2024-08-11,1.0366686227182695,1.0363599286056493,1.0391687835110641,0.9999673594184065,1.0189289781637356,1.0205018055270185,1.0132320782344606,1.0057340708049542,1.0045008581195007,1.0059490814111556,1.0000089958952423,0.9986337469922392
2024-08-18,1.0620850936334398,1.0617581775603353,1.0650212219661779,1.0244840089530811,1.043900043852627,1.0458898469494915,1.038073944846799,1.0303817666560293,1.0294908280114963,1.030612387514496,1.0245163863622249,1.0234777549079574
2024-08-25,1.091616268124986,1.0895307915294452,1.0928791880188062,1.0531005663762756,1.0729707126447487,1.0755929817184322,1.067070105248158,1.0590759766470081,1.0587282327888756,1.0594001268160615,1.053047256454077,1.052544389196178
2024-09-01,1.0979802434496255,1.0965507249224982,1.099698446609166,1.0605472179911466,1.080845579142181,1.083319542606473,1.0746155378270899,1.0668488653460626,1.066333645146124,1.0668913236846531,1.0607758984965263,1.0601053796904605
2024-09-08,1.062287999995357,1.0649314934984042,1.0673066438977938,1.0262310648760173,1.0493019049063572,1.0476034961382172,1.043939991245463,1.0355456853886924,1.032933177812036,1.0367526067378348,1.0294315527764981,1.0266779540470725
2024-09-15,1.0978321874980412,1.103090602422952,1.1070037241995558,1.0649081770245734,1.0907865480153272,1.0907060987198975,1.0837401148871877,1.0799494773776632,1.079557008169579,1.076278711954685,1.0735731731620954,1.0730194403983127
2024-09-22,1.1096669760192537,1.1177944771894983,1.1221674063832716,1.0761831252444125,1.1052974459850577,1.1059095572184745,1.0941130371971304,1.0929370305275072,1.093154189278104,1.0870740083803763,1.0869349963043136,1.08697041979389
2024-09-29,1.1066878875455286,1.1143326471713226,1.1185177836936997,1.072996155154392,1.100651010977914,1.1010980001874446,1.0907286549869304,1.0882211975053822,1.088260564795422,1.0851396769328885,1.0836446368971726,1.0835069330181821
2024-10-06,1.0963758799629817,1.1057057313913912,1.108741572224599,1.065163878002751,1.0937350074725714,1.0930981071506618,1.0840027205412373,1.083047365552379,1.0810723606910906,1.0786030045190032,1.0790696374990747,1.0757986238839294
2024-10-13,1.1039632555211278,1.114712923236414,1.1175175543531612,1.0744198485787604,1.1042632175923144,1.1032847275892865,1.092709464013123,1.0930281187217314,1.0908035744577114,1.0876994163639782,1.0890449030067355,1.085513523449419
2024-10-20,1.121259041672346,1.1364897268283625,1.1405322563719547,1.0920962641218146,1.1267483710888546,1.127109882800685,1.1117312325801072,1.1155151687566105,1.1149518888015097,1.1066883891424133,1.1114500056794663,1.1095447261356888
2024-10-27,1.0975298014681951,1.1123296596090346,1.1180193829867806,1.0708348836687518,1.1046180039620126,1.105606674926087,1.0900439466411938,1.0935046371290744,1.093580354573636,1.0850994773288036,1.0895196848845454,1.0882768370634033
2024-11-03,1.0871577251697213,1.10220836910711,1.107579197473802,1.061374630326336,1.0959707743098719,1.0961867738852074,1.080464888948327,1.0845617750937098,1.0838760781882402,1.075949156705357,1.080992744030708,1.0790078848637044
2024-11-10,1.1494324175114632,1.165568052449644,1.178347679944862,1.1244401429262896,1.1601411708437852,1.1672788040713569,1.1456255716114245,1.1485861572222886,1.1546540539939825,1.140837504562682,1.1448064373687967,1.14946796374721
2024-11-17,1.1328336579254819,1.1467234980052596,1.160904588941804,1.1005217727045191,1.1345213770817648,1.1431185622971864,1.1217336601071795,1.1236251209448784,1.1311374341299054,1.1181401057527287,1.1209765294646612,1.1271148789660803
2024-11-24,1.1731981060917984,1.1917438215386589,1.206853648872775,1.1423893749750462,1.1801209582361156,1.190760871264008,1.1667019290549214,1.1717273834908266,1.181269903469098,1.1661195548334857,1.1712363405955861,1.1793738212206757
2024-12-01,1.1781418094883165,1.196615900390515,1.2099879809318843,1.1481111904309829,1.186153575172904,1.1957862562122286,1.1727294154770975,1.178956746960594,1.1875089604889912,1.1721440325585601,1.178462674412194,1.185602863793212
2024-12-08,1.1815586919766388,1.2032312968093792,1.218094554418081,1.148948396912062,1.188827587393025,1.198631623688457,1.1764450117961474,1.1823650625307514,1.1910898119404023,1.1758577741900849,1.1818695616388915,1.189177967541366
2024-12-15,1.1472653021037285,1.1676870461743627,1.1804632905969819,1.11632195977895,1.150425578689984,1.1581274103775165,1.1415652074546796,1.147078060784087,1.1542876444565655,1.1409953805500066,1.1465973478298872,1.152434872024287
2024-12-22,1.1253630421808711,1.1466949267158022,1.1568426701520405,1.0844868068480422,1.1183540793780962,1.1256829360250544,1.1111830429972287,1.1180547455636334,1.12312500717161,1.1104586401565975,1.1177846344456983,1.1215178757913036
2024-12-29,1.1247261470749983,1.1474866107615902,1.1564528202927709,1.0854251617093307,1.1205877370372093,1.1264837216833703,1.111911862946242,1.1200329947253604,1.1244333501326769,1.1110298589314507,1.1197549150924777,1.1228169842329758
2025-01-05,1.1200818424979684,1.1445300274156185,1.1534330964275072,1.084367813120066,1.1206872283424516,1.1256805589588108,1.1103644453488068,1.1197470706446222,1.1235049375709885,1.111141936886455,1.120677331899346,1.1231139124764495
2025-01-12,1.0950597509081794,1.1209554249356235,1.1290399158556057,1.0605498446907065,1.0966605545442685,1.0997640620760316,1.087147176962438,1.0967759726554567,1.098637248252174,1.0879084114686464,1.097687150026866,1.0982548781178776
2025-01-19,1.1143268731295293,1.1408530319835972,1.155618946292566,1.0897890451741132,1.125156596888723,1.1333053787671494,1.117299347957989,1.1257269193643094,1.1326716307690283,1.1180816954040873,1.1266621485459145,1.132277415295031
2025-01-26,1.1585846297227889,1.183046364571557,1.202865846207249,1.142892202144591,1.1749715901819542,1.1875048491409013,1.176271719603141,1.1759099754825841,1.1871194990229093,1.1770953602661656,1.1768868956442098,1.186706333491712
2025-02-02,1.1702625964871958,1.1888817573568637,1.2098639256432717,1.1577921311033423,1.179770699971067,1.1933265850793096,1.1952162803924542,1.1834329896554832,1.1945980286287703,1.1985767128954512,1.1839305301420813,1.1934784970136925
2025-02-09,1.1794308383755774,1.1946488046171513,1.2142837208186408,1.185442881221762,1.211532404963153,1.2245539132213836,1.223760805630421,1.208622120235177,1.2223483068661753,1.227201493022818,1.2074952779575254,1.221202768750945
2025-02-16,1.1780452255487732,1.1957779195247307,1.2165779277546864,1.184537296815903,1.2139584413466598,1.2300131187540098,1.220651173760572,1.2110104864159716,1.227630607632009,1.2231340037326017,1.2098814173778283,1.2264801191463894
2025-02-23,1.1341603642659006,1.1448613724171999,1.1652000921552776,1.1413513430710733,1.162636017653079,1.1760959145011292,1.1749938460199139,1.1599772819777103,1.1744195740825452,1.1773838080340913,1.1588957930486536,1.1733189529438506
2025-03-02,1.1173696736696015,1.1247201870107757,1.1447010940607472,1.124267644766354,1.143119918082538,1.1566484903109449,1.160673000700369,1.1399711788835418,1.1542928191387938,1.1683016609424555,1.1438744221633534,1.1582624968106665
2025-03-09,1.0722241110951924,1.07562163481215,1.0962334411785482,1.0671544302617384,1.079197622400913,1.0935901442171472,1.1069824612065053,1.0843867600596346,1.0992763867567288,1.1141594507242647,1.0873652028640155,1.1022357598523123
2025-03-16,1.0543118953300439,1.0579152398118663,1.0791012498989614,1.0543935657884664,1.067209914457652,1.0824549706524726,1.0946718746485204,1.0728729238272978,1.0886323710891288,1.1030327663624155,1.0756526921806813,1.0915132918234858
2025-03-23,1.0644319988241242,1.06897985413562,1.0892201728323694,1.0651595663697435,1.0799764479475564,1.0930045001394089,1.1048793644893022,1.0848960158119163,1.0983808457579973,1.1133182190331612,1.0877069354879458,1.1012875645335918
2025-03-30,1.0715715441931362,1.0737001433590543,1.0961838222601463,1.0698336829741162,1.083616381816762,1.0988208527127072,1.110959118176722,1.0901713300122322,1.1051186383343603,1.1193123257502309,1.0928669133869553,1.1079139902981106
2025-04-06,1.0212129694901633,1.0114845995973734,1.0331917201859342,1.0026439943132577,1.0125319383955336,1.0271433658196676,1.038690265495758,1.01119042951206,1.0254790990898017,1.0489285369594183,1.0156841800426495,1.0300998473126406
2025-04-13,1.0070164084322248,1.0331569977951447,1.055120355665698,0.9213274645285775,1.021276109797203,1.0358091750021268,1.0761179229449473,1.071925030386296,1.0868572864245272,1.0913085764205768,1.074544304875937,1.0895802133525885
2025-04-20,1.0216441131277132,1.0495592694884615,1.0717260145624263,0.9382285408737401,1.0415983792412935,1.0580182727062597,1.0958585166777048,1.0932551575501448,1.1101609221203603,1.1113278315457376,1.0959265527164725,1.1129422321479794
2025-04-27,1.0297810302265795,1.051994811827409,1.0741476586681886,0.9437398044803434,1.043183762437515,1.0591643436957212,1.1022957171015242,1.0949191658574782,1.1113634752891457,1.1178559005248578,1.0975946270679662,1.1141477980990746
2025-05-04,1.043538345255929,1.0654436692119966,1.0883941166235989,0.9565904002395699,1.0572538819975241,1.074078452427113,1.1180664614138758,1.110390511410775,1.127714663226106,1.1338492671974487,1.1131037772247374,1.1305399510187382
2025-05-11,1.0488091658165484,1.0734673706928086,1.094273248007371,0.963325767970816,1.0670533433232499,1.081553612092484,1.125938784577175,1.1206824848509334,1.1355631096273404,1.141832717339188,1.1234208993485402,1.13840806030149
2025-05-18,1.048437944282715,1.0728293890544753,1.0956103817051321,0.9618916745210001,1.0653267395175479,1.0814306592839287,1.1240405198539434,1.1186474095059202,1.1351878424924484,1.139907656406172,1.1213808512481716,1.1380318530017761
2025-05-25,1.0671453694981925,1.0925634678198275,1.118012759431722,0.9767216420917424,1.0799929602250478,1.1003643423229488,1.1413704176991817,1.1340476892446196,1.1550627060493335,1.1574821858733937,1.1368187619393253,1.157956509481657
2025-06-01,1.0658638381695924,1.0906401858539292,1.11604467808799,0.9760259151672616,1.0767426937023685,1.0970527676031867,1.1405574100865947,1.130634743628099,1.1515865152005664,1.1565546216116152,1.1325596172936965,1.1536181712765272
2025-06-08,1.0726200902202043,1.0974788026590327,1.122959885620178,0.9852804378953368,1.0845315993719176,1.1049151589650004,1.1522221499202947,1.139602147124161,1.16064449697792,1.168382968563075,1.1415422875405243,1.1626921333588522
2025-06-15,1.0647849705163934,1.0862405543212195,1.1114607094744289,0.97732017160946,1.0734262365548886,1.0945102596645528,1.143601235984091,1.1291360430563524,1.1509242725187125,1.159524901103664,1.130945880582261,1.152840097992446
2025-06-22,1.0666863860138964,1.088825401314073,1.1142542673341753,0.9802495492221541,1.0769094683184808,1.0982052022039044,1.14706455503234,1.1329341528652153,1.154947828545037,1.1630364438954621,1.1347500781975506,1.1568703516193983
2025-06-29,1.094768731686742,1.121740351952595,1.1466599482858844,1.0082118588772722,1.1115927004187853,1.1328253578793832,1.1805443979931973,1.1702458265159241,1.1920736546238317,1.1964582433357975,1.171661505200082,1.1935965824807537
2025-07-06,1.1143736809587712,1.1411002457028512,1.1655615139414803,1.0261819351542805,1.1319812414187185,1.152596866550765,1.2019747269702932,1.1929259863129071,1.2141091232353238,1.219048813194163,1.1949008744011367,1.2162043516335383
2025-07-13,1.1007904780648083,1.1263020701493511,1.1507700173622342,1.012206785070187,1.1152090398836645,1.1353331638208544,1.186325279533872,1.1762847379811776,1.1969705341353776,1.203585988804017,1.1782320764950995,1.1990361859017227
2025-07-20,1.1121607753512057,1.1385826937678665,1.1635099951661287,1.024910704761525,1.130249404327618,1.1524390428588578,1.2004500055505944,1.1905035172777496,1.2122831126516203,1.2179162257320395,1.1924743949702827,1.2143751898427833
2025-07-27,1.1256142574394759,1.1518211767168856,1.1793455961905157,1.0345595615273366,1.1410092304838086,1.1644063901217152,1.2142863206913135,1.2020367030329062,1.2250683980563593,1.2319538554844711,1.2042757020114723,1.2274293378528176
2025-08-03,1.092494853168971,1.1151395005594074,1.141421358142427,1.004923314288491,1.109737707892095,1.132472270859124,1.1805425995236296,1.170401343069283,1.1927865200411492,1.1978278650009266,1.172664008017983,1.1951723174829836
2025-08-10,1.1089929490370474,1.1344181054134237,1.162507865235112,1.0223947893959116,1.1302688006491575,1.1561829346991626,1.2003112635164928,1.1908390172918437,1.2165480184017523,1.2200772248795533,1.1945393520348297,1.2196893807864524
2025-08-17,1.1153589239808699,1.1423382295863789,1.1725763300640772,1.0324318949504374,1.1443757784689357,1.173136621592294,1.2138407384775416,1.207352938749164,1.2355519339912928,1.2360648018623144,1.2131088670353884,1.2407357250617612
2025-08-24,1.1292659144718196,1.1575645040013725,1.1876932532423974,1.0481144629637804,1.1623445140288209,1.1912676233888182,1.2348116628792858,1.22884698841456,1.2572454876354657,1.2574196803845354,1.2347053873243146,1.2625202945884508
2025-08-31,1.1392720053683356,1.171441179463391,1.2022633712708297,1.0541206966319872,1.1727577270004874,1.1983092727656939,1.241041383364207,1.2391218827510602,1.263842361531397,1.2644339974713725,1.2456896052089794,1.2698207559084582
2025-09-07,1.1374803627957486,1.1731506704728663,1.2027843785746302,1.0569273810754323,1.1771967067486813,1.2019870375741477,1.244703636664436,1.243319317198803,1.2674828864429404,1.2691533809509756,1.2508527275494359,1.274461587555416
2025-09-14,1.1566104937176926,1.1944683375028187,1.2263903881454485,1.0744198517962769,1.1987911789302352,1.2248186566501922,1.2686965601879487,1.2699875359580761,1.2945200250208202,1.2936175980640277,1.2776825320191978,1.3016475913456702
2025-09-21,1.1664005982469539,1.20578573462799,1.2398531858892061,1.0853122700880564,1.21074230610293,1.2390722422866987,1.2815585466784305,1.2830536582737013,1.3099985638905387,1.306732232872909,1.2908278234265707,1.3172113543218325
2025-09-28,1.1665291513685594,1.2062481118069899,1.240052893698952,1.0879235286440154,1.2119263617984883,1.2398395112389982,1.2846731961900604,1.2857408775382437,1.31222480518849,1.3099080635218463,1.2935313248522136,1.3194498531995815
2025-10-05,1.1761700317891506,1.2164784868438787,1.2523034765648762,1.096391781167537,1.2194466713827785,1.2494489879684512,1.295793228815426,1.2947554185631935,1.3234288059377044,1.3212465272228024,1.3026004859861926,1.3307155426495498
2025-10-12,1.1379624609888725,1.1768865412171527,1.2123344728768526,1.0573266278312186,1.1744203059491647,1.2040419275219947,1.248875277219753,1.2461682270547947,1.2745512925938542,1.273406965144785,1.2537188992678467,1.2815689120178875
2025-10-19,1.1690085698287873,1.2091899226879195,1.2373320940061145,1.088226800441426,1.2096255799464377,1.2321939387688217,1.2861560760992898,1.2840168594135724,1.3048189963800192,1.3109848854252515,1.291377531717181,1.3115728728722724
2025-10-26,1.1753387674080094,1.2146034081183668,1.2431500037001018,1.1008774870255928,1.2212532737839752,1.2445375943705805,1.3080106529178028,1.3031728093907446,1.3241604803272413,1.3332613574793506,1.3106432938587438,1.33101447031732
2025-11-02,1.166719507563005,1.2094751279904614,1.2372683628102774,1.0911648779846512,1.2162403084142162,1.2381829299438682,1.296950070828316,1.2972575994015807,1.31545813019019,1.3227904325888775,1.3054476609543424,1.3230032750632568
2025-11-09,1.15931776417161,1.2032813278234422,1.2284999201489541,1.0908574282159322,1.216418274589296,1.2342963495873567,1.2968371786273807,1.2963315661415917,1.3110489386501971,1.3177909658919094,1.3000894402280985,1.3151358941514366
2025-11-16,1.1378490677207567,1.18080348474931,1.2049199551485141,1.0655266327121067,1.1887029921527417,1.204932442815229,1.2785675307743545,1.272373787865183,1.285406427943058,1.3021601648486536,1.2786953825137155,1.292041252233298
2025-11-23,1.1310324757743289,1.1639759389628717,1.182209608260466,1.0438155026376923,1.157490847234724,1.1670195273851158,1.2506450191154066,1.236211938789186,1.2408093653600256,1.2751627863659314,1.244205510476784,1.2480012504891176
2025-11-30,1.173115529924985,1.2169320852056722,1.243370956239355,1.088048345137333,1.2108415849665168,1.2259008039473547,1.3063732623107835,1.296027816489577,1.306114607041025,1.335495362836239,1.3090511350896334,1.3174930538037575
2025-12-07,1.1958706245309303,1.2346090132607623,1.2615201611829987,1.1114262279951435,1.231222898995793,1.2455500351943396,1.3299263120352207,1.3127170293818191,1.3256248986128782,1.3595734648574007,1.3262024070954164,1.3368897469872076
2025-12-14,1.1948703407028811,1.2387646005318713,1.266656063322843,1.111432702547694,1.2335040852686951,1.248740175555481,1.329866520317046,1.3147866859939765,1.3285925224802753,1.3585863782427146,1.3276023344341343,1.3392227358236872
2025-12-21,1.1931800987398287,1.2315030791005708,1.2592325297247722,1.111800763020453,1.2296480467019475,1.2439248977016666,1.3302447756705114,1.3105310383658462,1.3233363765982538,1.358553478414098,1.3230024736783381,1.333632367436753
2025-12-28,1.2064937062302858,1.2447115217139586,1.2714837637576022,1.124810601439364,1.2438917229626227,1.2565893401939914,1.345810756702992,1.3257116259251207,1.3368093101092684,1.3744507163235236,1.3383275245965172,1.3472101247873067
2026-01-04,1.196216918796245,1.2352465723692672,1.2627142998180447,1.117375929273853,1.236775695130841,1.2496380988211158,1.336856354830329,1.3180708468240037,1.329356696883447,1.3653057574154217,1.3306140333813739,1.3396995277874029
2026-01-11,1.2218097938904782,1.251043542974334,1.2786562053366197,1.1459601989432913,1.2646976288506058,1.2768469974542431,1.3791168407780243,1.3551006417552274,1.3657231806437056,1.4084655812566937,1.3679962157636383,1.3763489547133185
2026-01-18,1.2441975778457275,1.2774335175175924,1.3034073530523795,1.166824221171883,1.2913690127443909,1.3032698000527674,1.403896247103239,1.383793882917625,1.3940712934740962,1.4337723137256773,1.3969625110472939,1.4049176251548743
2026-01-25,1.2544570288305619,1.2859329744470496,1.3099715292035854,1.1819620833865263,1.3068674682774521,1.314994790421094,1.421842008624489,1.3992188707764273,1.4054596243986783,1.452099975809669,1.4125342880569403,1.4163945610274793
2026-02-01,1.2509380304012634,1.279442180117531,1.3033498313122203,1.1789759195804799,1.3005110625181249,1.3085664604026332,1.418477528002757,1.3937972353310246,1.3999588614105745,1.44866389627355,1.4070610585830363,1.4108510003000163
2026-02-08,1.2585830588039202,1.2960712435276607,1.3225444594062554,1.1802697057883982,1.3102211418475307,1.3200419505409113,1.4284985582899574,1.410375330322047,1.4178452783088276,1.458942232434093,1.423978802600357,1.429053959500986
2026-02-15,1.2466659064938437,1.2928301515256997,1.321668465525874,1.182230713666575,1.3136919284794797,1.3240664150326218,1.434383169057225,1.4208804477199193,1.4282370040070556,1.4644529087433196,1.4341395979938953,1.4390864598413877
2026-02-22,1.2767095681836935,1.326861726068619,1.3586739387320474,1.2041307852306535,1.3404595196713471,1.3525617197800266,1.4595883434065502,1.4487121502459346,1.4580037024460504,1.4912317266720299,1.4632112397208061,1.4700396998993135
2026-03-01,1.2568321090176269,1.3122839992777668,1.3452433099341072,1.1913483835360317,1.330170005260073,1.3436134027757602,1.4452088751662333,1.4391443838812672,1.4488500938687119,1.477013721964927,1.4540272759409236,1.4612960357187874
2026-03-08,1.1783555020947463,1.22172462523422,1.2530657608259017,1.1228841347539256,1.250544392110656,1.264101923308363,1.3693079867521492,1.3584033006899898,1.3679934057219296,1.4003287619110085,1.373211570759986,1.3804989500742397
2026-03-15,1.1590087942987446,1.1971723790849567,1.22966574024385,1.109555669688273,1.232913895850202,1.246205091173398,1.3649048705990792,1.3498266180265894,1.3590862870699962,1.39928141912344,1.3668927783638698,1.373851170891565
2026-03-22,1.136387838830843,1.1765265827986275,1.2088659600583127,1.0853700952778194,1.2053360385828154,1.2193774769113699,1.329759977173714,1.3172583559293443,1.3280076811893415,1.3613465670343599,1.331605861142202,1.3401187837962476
2026-03-29,1.156976460284175,1.194468542964267,1.226075998554529,1.1068157728698762,1.224821233068592,1.2374420057314512,1.356002679693666,1.340626632984649,1.3497266484329125,1.3887400427012697,1.3548413770749492,1.3611083877134507
2026-04-05,1.1803133643439148,1.2217755228070741,1.2537912300275318,1.1298520618077903,1.254048486720224,1.2685418426148887,1.405801949318625,1.388085859845629,1.39496799328851,1.4362760200451037,1.3969853575560423,1.399419638893962
2026-04-12,1.167293829611034,1.2170089667350117,1.256464605737243,1.1263466598086702,1.252765073580277,1.274284592461811,1.400462379076206,1.388082940623765,1.3994114229564352,1.4317314611101242,1.397906813104153,1.4047603628154957
2026-04-19,1.127229900569157,1.174747972564124,1.21676660078539,1.0882823882766959,1.2126270614105048,1.2365179630660534,1.3571839178365932,1.3484661179407373,1.3620587847439802,1.388023277216455,1.3584664234511021,1.367643230996394
2026-04-26,1.1408398405770375,1.1843247229016964,1.2274107107332684,1.1061932954585614,1.2260337849700547,1.2496705796102143,1.3827136829857307,1.3682707728555645,1.3819092192553124,1.4170720779514139,1.3809541913211798,1.390130763869683
2026-05-03,1.1771946696175,1.2209413882605595,1.2659983886721693,1.1446484055330708,1.2727538320289993,1.2983684797136683,1.4306189441311488,1.4182098679683393,1.4329879616820655,1.4642768506150787,1.4295850514830344,1.4397243817960472
2026-05-10,1.1762738066774803,1.230134167477583,1.2816265709201273,1.1382199448505683,1.2791246375519933,1.3175503558871065,1.4199357771823553,1.4229844689118556,1.4518868439600061,1.4550928378299108,1.4362168631296448,1.4607994742059995
2026-05-17,1.1845390007488221,1.2349172754922135,1.2850063562827403,1.1466787158397806,1.283192435677385,1.3203972818839762,1.4333313857667738,1.4300855282962972,1.457602143934503,1.468820116501795,1.4433839555729084,1.4665498584266479
2026-05-24,1.211040381580447,1.2708295468601865,1.3235504121175778,1.1669820207744444,1.3136776160534809,1.351223055718232,1.455997515027517,1.4612479184583964,1.488734487533359,1.4965625650117633,1.478996555156285,1.5020263550335802
2026-05-31,1.2039685574490993,1.264947515594743,1.324929915689934,1.1604701633771544,1.3109838748216471,1.3545296710794374,1.4487966182323029,1.4583132455202514,1.4924031242994356,1.4891610464878617,1.47602623703901,1.5057277464877556
2026-06-07,1.2147630230795297,1.266911224291508,1.3251372104177699,1.1727618913402031,1.3103954379909104,1.3523013696354818,1.4600352141633206,1.4532739139520179,1.4848081106850954,1.5007395189130877,1.4709650768018325,1.4981433671111408
2026-06-14,1.2137491096683766,1.2749507744770407,1.3308011415485206,1.1761830658300032,1.3226157288908116,1.3654888985104687,1.4741149789959354,1.4753442335190734,1.507989635167103,1.522738888340931,1.499150745102311,1.5270510831816393
2026-06-21,1.1925080095514708,1.2612481876160735,1.3154284715883766,1.1570161878573049,1.306389576359896,1.346386588500626,1.4589253365597874,1.46535952347826,1.4933040825541872,1.5088851032379138,1.4909414568643196,1.5144937112805132
2026-06-28,1.1936411392488744,1.2671694426426883,1.3173261578338367,1.1568139621881879,1.3078194297014885,1.3472358654016647,1.4562302994362808,1.464209469091439,1.491779505398087,1.5061738814768726,1.489797036790085,1.5130149627048481
2026-07-05,1.1878467180507455,1.2622483092601047,1.315054623157767,1.150229071311619,1.2941436392324124,1.3344977103227116,1.4553218465902253,1.453601952631865,1.4816853759950275,1.504863158652676,1.478654907833322,1.5024222874585376
2026-07-12,1.1931978273211112,1.2725708282604289,1.321833943794641,1.1680425159129146,1.315413147936244,1.352229173111884,1.4740753650818919,1.4707271139845952,1.4956672518420406,1.5279198310569395,1.5023305749265852,1.522873121612925
2026-07-19,1.1994862189380047,1.2594708879037848,1.3072324696988582,1.1663702979625472,1.2899730655443764,1.3281537483652097,1.4647022203201898,1.435223123472547,1.462976930983961,1.5123989627460055,1.4616932284539446,1.4868273294278718
2026-07-26,1.190208227754012,1.2454574437078152,1.29180488391993,1.155437673032533,1.2749086563957701,1.3118935945958978,1.449832728369057,1.4190530387231897,1.4456721264549017,1.497045258838506,1.4472385497331706,1.4712559117703543
2026-08-02,1.1723697695374882,1.2278125180190003,1.2736629130758386,1.141675581367787,1.261208520834519,1.297087845752057,1.4256751017072542,1.4027829615920204,1.4291654985695432,1.471755106109643,1.4284121367508331,1.4527496044872765
2026-08-09,1.186416456294617,1.2431792611547594,1.2881295420478318,1.1570097907142236,1.2795870833631826,1.3145949506525647,1.4425339835334936,1.4209485329346832,1.4461388380547069,1.4913822665490601,1.449035306361636,1.4721924955489443
2026-08-16,1.1913599277485993,1.2525640989317943,1.2998873831018602,1.1616905452520598,1.2893301517964124,1.327297540217649,1.4484912313948382,1.431767959745473,1.4601125020375314,1.4972519211388557,1.4593193753297997,1.485111250039169
2026-08-23,1.1821570561324966,1.2434787179415492,1.2907359812102204,1.149744124371137,1.2774179385438449,1.3153300192785111,1.434952745322932,1.4194070964138854,1.4478321731512949,1.4832576878006578,1.4467206527275729,1.4726206682807899
2026-08-30,1.176321796522592,1.238759007555728,1.2857590232267138,1.1448577613558348,1.2729301440102219,1.3106658791768477,1.428502734598248,1.414058122015134,1.4423435147619172,1.476400038845013,1.4412687483703694,1.4670380379627068
2026-09-06,1.1756246278365676,1.2377446037713575,1.2851138197996241,1.1499356079844658,1.278300454963323,1.3171766862094139,1.4364946993489325,1.4215792590118208,1.4510354450033838,1.484258876005365,1.4489346141058517,1.4758787837053429
2026-09-13,1.1516856843533116,1.2141362856339095,1.2608486466327378,1.1258570615985115,1.2541081157755654,1.292493809044083,1.4079304111059505,1.3964923692826587,1.4256949780011616,1.4547448107041583,1.4233649790268292,1.4501044597585715
